"","comuna","2011","2012","2013","2014","2015","2016","2017","2018","2022"
"1","Aisén",0.419161676646707,0.414373088685015,0.511306532663317,0.35633626097867,0.350858369098712,0.399787910922587,0.404109589041096,0.387972841901067,0.369122257053292
"2","Algarrobo",NA,0.576763485477178,0.455252918287938,0.706194690265487,0.622764227642276,0.544753086419753,0.552352048558422,0.430344827586207,0.395784543325527
"3","Alhué",NA,NA,NA,NA,NA,NA,NA,NA,0.396006655574043
"4","Alto Hospicio",0.511450381679389,0.549744897959184,0.472330911123533,0.438133874239351,0.490566037735849,0.490140845070423,0.563208735825284,0.422280767783214,0.319206939281289
"5","Ancud",0.324062095730918,0.275528700906344,0.319476082004556,0.340311325818572,0.322711178553364,0.374940447832301,0.369920597851471,0.429547395388557,0.329192546583851
"6","Andacollo",NA,NA,NA,NA,NA,0.629955947136564,NA,0.528735632183908,0.326618705035971
"7","Angol",0.38767019667171,0.393047179851011,0.428377920758551,0.422486689633573,0.473920863309353,0.51878453038674,0.433168959252531,0.457430730478589,0.260859728506787
"8","Antofagasta",0.327814945005103,0.353023909985935,0.427694626897814,0.382363192750087,0.412257457902385,0.426575752536172,0.405088062622309,0.405436197916667,0.350374518216857
"9","Arauco",0.298749080206034,0.325051759834369,0.33312101910828,0.376179245283019,0.347163865546218,0.4,0.364022662889518,0.339277334584702,0.307234042553191
"10","Arica",0.434838709677419,0.461742591773552,0.489269220320565,0.477936528006069,0.484736465537801,0.47990146680103,0.414070891514501,0.420523751522534,0.314879739094986
"11","Buin",0.420822715689843,0.479508196721311,0.477308294209703,0.450325502405887,0.469554455445545,0.485667676532277,0.409685563461097,0.435673789795028,0.357251328777525
"12","Bulnes",0.511482254697286,0.460231135282121,0.474172185430464,0.486137975499678,0.492053789731051,0.454647887323944,0.409810935104752,0.402892561983471,0.323284823284823
"13","Cabildo",0.493203883495146,0.57784911717496,0.589201877934272,0.338064516129032,0.47182320441989,0.488541666666667,0.564156945917285,0.518630412890232,0.345545378850958
"14","Cabrero",0.663280116110305,0.652260638297872,0.67643391521197,0.605579868708972,0.554006968641115,0.555039479795634,0.536109880372175,0.498767460969597,0.330943396226415
"15","Calama",0.399499582985821,0.312694704049844,0.384503982621289,0.387823747056845,0.414568345323741,0.436564001130263,0.407874810701666,0.407717340771734,0.409662045060659
"16","Calbuco",0.433734939759036,0.450600184672207,0.457702582368655,0.422165820642978,0.44078431372549,0.415011037527594,0.372666666666667,0.362461538461538,0.350049652432969
"17","Caldera",0.441241685144124,0.3719723183391,0.425210084033613,0.338301043219076,0.334429824561404,0.377995642701525,0.468503937007874,0.458542713567839,0.302567661346287
"18","Calera",0.481198910081744,0.493032196059587,0.459386281588448,0.379391100702576,0.371624517788255,0.372219890893831,0.360329958755156,0.514339622641509,0.309609708101017
"19","Calera de Tango",0.353025936599424,0.288135593220339,0.305764411027569,0.323959505061867,0.395661157024793,0.446553446553447,0.305680793507665,0.322666666666667,0.331516802906449
"20","Calle Larga",NA,0.427312775330396,0.623015873015873,0.586538461538462,0.738362760834671,0.714697406340058,0.659060402684564,0.656962025316456,0.445770065075922
"21","Canela",NA,NA,NA,NA,NA,0.585253456221198,NA,0.716738197424893,0.397590361445783
"22","Cañete",0.395764394440768,0.449258160237389,0.4249857387336,0.433804290947148,0.356895699456253,0.347645429362881,0.311682650392328,0.302207130730051,0.294636556104446
"23","Carahue",0.572755417956656,0.537886872998933,0.539901477832512,0.527079303675048,0.515625,0.519591141396934,0.470098410295231,0.423452768729642,0.288597376387487
"24","Cartagena",0.404185022026432,0.465920651068159,0.536701620591039,0.420445177246496,0.428571428571429,0.440397350993377,0.395195195195195,0.217127071823204,0.273343009192066
"25","Casablanca",0.465222348916762,0.492864983534577,0.48014440433213,0.497061293031066,0.540094339622642,0.455668604651163,0.394826412525528,0.400399733510993,0.437774524158126
"26","Castro",0.551612903225806,0.411832946635731,0.388248215266337,0.434782608695652,0.487411883182276,0.459359033906177,0.438164045898853,0.436960985626283,0.385840707964602
"27","Catemu",0.403688524590164,0.414893617021277,0.437096774193548,0.385737439222042,0.333333333333333,0.371161548731642,0.36848792884371,0.353159851301115,0.25
"28","Cauquenes",0.316259678379988,0.293054771315641,0.365394402035623,0.374717832957111,0.420792079207921,0.486310299869622,0.386528028933092,0.380258225739275,0.388272033310201
"29","Cerrillos",0.542703944848717,0.627098789535338,0.517117117117117,0.500181093806592,0.474683544303797,0.350441501103753,0.368751635697461,0.3664,0.308920187793427
"30","Cerro Navia",0.393117408906883,0.382246376811594,0.368897234551041,0.349968112244898,0.349122276029056,0.39982451009067,0.362447318703677,0.336918526485614,0.352209540532631
"31","Chañaral",NA,NA,0.558333333333333,0.554806070826307,0.106976744186047,0.38740157480315,0.494752623688156,0.444078947368421,0.369770580296896
"32","Chanco",NA,NA,0.444444444444444,0.445945945945946,0.458333333333333,0.413988657844991,0.429032258064516,0.354992076069731,0.476245654692932
"33","Chépica",0.476595744680851,0.53014553014553,0.490601503759398,0.458844133099825,0.420974889217134,0.365644171779141,0.342857142857143,0.33641975308642,0.328571428571429
"34","Chiguayante",0.343518518518519,0.396838837143664,0.398882681564246,0.424904701397713,0.410594439117929,0.463808206546796,0.387844036697248,0.378028699129617,0.32093973442288
"35","Chillán",0.41692325236629,0.449212095400341,0.446817082997583,0.443781377285214,0.449796287913083,0.455598119449765,0.382959268495428,0.377748323717449,0.349518274965591
"36","Chillán Viejo",0.25,0.264358108108108,0.406671961874504,0.445906432748538,0.412820512820513,0.50307881773399,0.441128594682583,0.426078028747433,0.348571428571429
"37","Chimbarongo",0.428974600188147,0.405940594059406,0.417391304347826,0.451424397370343,0.497005988023952,0.457794208256315,0.35955710955711,0.490968801313629,0.367256637168142
"38","Cholchol",NA,NA,NA,0.498866213151927,0.446009389671362,0.447937131630648,0.41491395793499,0.446153846153846,0.374436090225564
"39","Chonchi",0.30989010989011,0.300917431192661,0.311447811447811,0.313364055299539,0.323488045007032,0.359145527369826,0.35102533172497,0.395513577331759,0.400557620817844
"40","Cobquecura",NA,NA,NA,NA,NA,NA,NA,NA,0.407484407484408
"41","Codegua",0.405529953917051,0.424050632911392,0.469785575048733,0.479245283018868,0.488888888888889,0.49486301369863,0.4368,0.506588579795022,0.537931034482759
"42","Coelemu",0.469833119383825,0.466921119592875,0.409248554913295,0.435870698644421,0.504357298474945,0.453175457481163,0.438341968911917,0.418671799807507,0.33879781420765
"43","Coihaique",0.475161987041037,0.499068901303538,0.456318914334182,0.410992616899098,0.516265912305516,0.549132947976879,0.401709401709402,0.351851851851852,0.273336771531717
"44","Coihueco",0.461170848267622,0.349336057201226,0.345774647887324,0.398186314921682,0.436555891238671,0.505670446964643,0.430482838859802,0.430477167778348,0.367475292003594
"45","Coinco",NA,NA,NA,NA,NA,NA,0.425055928411633,0.38716814159292,0.328358208955224
"46","Colbún",0.356396866840731,0.381009615384615,0.377615062761506,0.421479229989868,0.428571428571429,0.520433694745621,0.405384006334125,0.383246849518162,0.418604651162791
"47","Colina",0.284827318587505,0.258862876254181,0.284149263950702,0.369216812821288,0.323098201936376,0.338434072940576,0.346968590211833,0.386337674206077,0.306772100567721
"48","Collipulli",0.350091407678245,0.421959095801938,0.359720605355064,0.549001814882033,0.46203037569944,0.463020030816641,0.424817518248175,0.473505434782609,0.367050575863796
"49","Coltauco",0.290740740740741,0.281803542673108,0.343167701863354,0.27403156384505,0.308880308880309,0.324162679425837,0.296875,0.348360655737705,0.234329797492768
"50","Combarbalá",0.419421487603306,0.410609037328094,0.458928571428571,0.394276629570747,0.540581929555896,0.469298245614035,0.1278600269179,0.515625,0.439130434782609
"51","Concepción",0.388359914306118,0.397591656811096,0.385330268811832,0.406430568499534,0.396556486511371,0.417038007863696,0.343784331953013,0.353338829348722,0.379743329332472
"52","Conchalí",0.347939488784559,0.292989722350054,0.372411823504212,0.425051055139551,0.412041884816754,0.424321503131524,0.370652449860371,0.390609390609391,0.293985700266368
"53","Concón",0.430242272347535,0.446070878274268,0.46015037593985,0.447272727272727,0.468770987239758,0.4375,0.356838905775076,0.368926214757049,0.345443716497915
"54","Constitución",0.375,0.415263748597082,0.378364905284148,0.504827586206897,0.494142259414226,0.467652495378928,0.472401979444233,0.471080139372822,0.526552402360214
"55","Contulmo",NA,NA,NA,NA,NA,0.466216216216216,0.340248962655602,0.364729458917836,0.285714285714286
"56","Copiapó",0.436413793103448,0.480273141122914,0.502291917973462,0.464446260727421,0.511428049003474,0.505303923219397,0.433972217337788,0.43530684804452,0.382540919719408
"57","Coquimbo",0.361344537815126,0.378156996587031,0.410902851108765,0.493927125506073,0.497055989722728,0.506124887959367,NA,0.420924574209246,0.396280400572246
"58","Coronel",0.299259563965446,0.333782483156882,0.33170456681075,0.339415411868911,0.365957446808511,0.362255965292842,0.31097021527573,0.34099897465944,0.298880043179058
"59","Corral",NA,NA,NA,NA,NA,NA,NA,NA,0.318604651162791
"60","Cunco",0.45662100456621,0.48314606741573,0.476253298153034,0.492574257425743,0.463882618510158,0.470276008492569,0.389336016096579,0.417448405253283,0.338204592901879
"61","Curacautín",0.481942714819427,0.505389221556886,0.479375696767001,0.477297895902547,0.453475935828877,0.533730158730159,0.483383685800604,0.450313339301701,0.388966480446927
"62","Curacaví",0.608139534883721,0.487018800358102,0.533906399235912,0.546646106399383,0.436595744680851,0.506607929515419,0.28099173553719,0.368093922651934,0.374520337682272
"63","Curanilahue",0.321387940841866,0.357547655847501,0.432236205227493,0.389916743755782,0.340388007054674,0.369184805804524,0.342072920934043,0.357197844495766,0.324367723805701
"64","Curarrehue",NA,NA,NA,NA,NA,NA,NA,NA,0.318906605922551
"65","Curepto",0.474694589877836,0.46801872074883,0.47376311844078,0.47226173541963,0.537290715372907,0.491503267973856,0.423627684964201,0.42874109263658,0.435325602140946
"66","Curicó",0.386603196191772,0.442873969375736,0.464699349516103,0.481151990349819,0.425471963933502,0.438531133581692,0.388938221489281,0.358572572343589,0.396827086882453
"67","Dalcahue",0.380952380952381,0.303212851405622,0.536144578313253,0.491496598639456,0.542372881355932,0.51219512195122,0.441709844559586,0.447724477244772,0.334313725490196
"68","Diego de Almagro",NA,NA,NA,NA,0.662365591397849,0.550541516245487,0.562141491395794,0.475587703435805,0.394957983193277
"69","Doñihue",0.378086419753086,0.361823361823362,0.388960205391528,0.444871794871795,0.442839951865223,0.443807339449541,0.379668049792531,0.428290766208251,0.42999289267946
"70","El Bosque",0.37205559619605,0.389181168217995,0.429775614389173,0.430286241920591,0.446749358426005,0.435907763568623,0.38901036220173,0.382681053401609,0.385787686144736
"71","El Carmen",0.42836676217765,0.449438202247191,0.469760900140647,0.474240422721268,0.450669914738124,0.462284482758621,0.430569430569431,0.400199600798403,0.342105263157895
"72","El Monte",0.453009503695882,0.613120269133726,0.610474631751228,0.723350253807107,0.636224098234843,0.66190833959429,0.302995391705069,0.381338742393509,0.383800952885124
"73","El Quisco",0.533149171270718,0.314084507042254,0.335135135135135,0.211325966850829,0.350877192982456,0.444186046511628,0.417085427135678,0.431878895814782,0.42682140554481
"74","El Tabo",0.387152777777778,0.482820976491863,0.528481012658228,0.441358024691358,0.393210749646393,0.375170532060027,0.285353535353535,0.258510638297872,0.316319194823868
"75","Ercilla",NA,NA,NA,NA,0.376168224299065,0.40084388185654,0.373134328358209,0.450834879406308,0.355725190839695
"76","Estación Central",0.286386676321506,0.301767255751917,0.324772940808018,0.369226409747804,0.419928825622776,0.453392815214839,0.395712909441233,0.355848803399687,0.287785171102662
"77","Florida",0.433993399339934,0.441860465116279,0.577981651376147,0.573712255772647,0.463576158940397,0.455,0.486111111111111,0.391304347826087,0.431472081218274
"78","Freire",0.343446601941748,0.322340425531915,0.304061470911087,0.384455958549223,0.365200764818356,0.452780229479259,0.393643031784841,0.340393343419062,0.357963875205255
"79","Freirina",NA,NA,NA,NA,NA,NA,NA,0.498845265588915,0.40295358649789
"80","Fresia",0.371527777777778,0.397301349325337,0.504992867332382,0.622832369942196,0.644986449864499,0.566037735849057,0.433411214953271,0.452085682074408,0.260707635009311
"81","Frutillar",0.318435754189944,0.445945945945946,0.387057387057387,0.377729257641921,0.421638018200202,0.411764705882353,0.351960784313726,0.366197183098592,0.254471544715447
"82","Futrono",0.195876288659794,0.190031152647975,0.289389067524116,0.245053272450533,0.209535759096612,0.231939163498099,0.252272727272727,0.317610062893082,0.301484230055659
"83","Galvarino",0.397260273972603,0.392785571142285,0.444036697247706,0.451282051282051,0.416666666666667,0.456325301204819,0.421965317919075,0.380636604774536,0.286298568507157
"84","Gorbea",0.427262313860252,0.533333333333333,0.514457831325301,0.457760314341847,0.3751178133836,0.55067920585162,0.459715639810427,0.393258426966292,0.297383029341792
"85","Graneros",0.420549581839904,0.373134328358209,0.446581196581197,0.498983739837398,0.428840716305372,0.398815399802567,0.400328137817884,0.37479674796748,0.364098837209302
"86","Hijuelas",0.580691642651297,0.579292267365662,0.580543933054393,0.586102719033233,0.420759962928638,0.434300341296928,0.360248447204969,0.395670995670996,0.334305150631681
"87","Hualaihué",NA,NA,NA,NA,NA,NA,NA,NA,0.431372549019608
"88","Hualañé",0.51466275659824,0.769480519480519,0.762938230383973,0.554016620498615,0.492476060191518,0.559633027522936,0.496807151979566,0.505913272010513,0.421098517872711
"89","Hualpén",0.396538936959209,0.468757424566405,0.320252135014233,0.407135777998018,0.372080488681279,0.31442355681251,0.296205430160288,0.260189573459716,0.301087449025827
"90","Hualqui",0.304239401496259,0.418554476806904,0.476970317297851,0.484416740872663,0.487609912070344,0.477015825169555,0.591914569031274,0.434311224489796,0.301897321428571
"91","Huasco",0.491879350348028,0.495088408644401,0.565965583173996,0.458553791887125,0.490725126475548,0.466115702479339,0.46969696969697,0.475873544093178,0.365192582025678
"92","Huechuraba",0.267582049564635,0.315552699228792,0.334057746041602,0.401169265033408,0.426250982446948,0.44780487804878,0.405411709820387,0.411432444645278,0.377971014492754
"93","Illapel",0.455775234131113,0.407442748091603,0.437663469921534,0.470443349753695,0.538589211618257,0.527694610778443,NA,0.40555906506633,0.465578786333503
"94","Independencia",0.373485126698494,0.354350123282846,0.379623621025308,0.383319292333614,0.442950922163176,0.433727810650888,0.415794196829195,0.375870069605568,0.309859154929577
"95","Iquique",0.397534921939195,0.511726743270896,0.522390168102839,0.515712609205894,0.532483451826428,0.553765283967547,0.542532651902328,0.511169664337267,0.434688139059305
"96","Isla de Maipo",0.509819324430479,0.392807745504841,0.48258064516129,0.407276995305164,0.46503884572697,0.495675675675676,0.400736987563335,0.423975319524019,0.448868778280543
"97","La Cisterna",0.513775708187815,0.543407310704961,0.570925392251041,0.51493848857645,0.552677029360967,0.531553398058252,0.452300493891344,0.422558014031301,0.383765875207068
"98","La Cruz",0.430141287284144,0.362168396770473,0.400726392251816,0.400497512437811,0.524908869987849,0.486270022883295,0.414766558089034,0.374616171954964,0.305435720448663
"99","La Florida",0.458245449574252,0.480507513467536,0.468154704637291,0.473400589009336,0.477635161415792,0.496177062374245,0.45291639169501,0.426441450366554,0.29198595936125
"100","La Granja",0.443327239488117,0.424272651704073,0.460787401574803,0.47527277880119,0.486133768352365,0.525715002508781,0.450989918620187,0.455507013106461,0.380691935894174
"101","La Ligua",0.571010248901903,0.504418762746431,0.488650693568726,0.486278814489572,0.501359434475258,0.413533834586466,0.378662244333886,0.375438596491228,0.331833060556465
"102","La Pintana",0.300322372662798,0.284632853898562,0.340638399237732,0.363231621240091,0.381810816285193,0.448239771646051,0.372465407710382,0.386286312483643,0.211258697027198
"103","La Reina",0.491047205642973,0.591944886062533,0.561752988047809,0.553867403314917,0.601337233597994,0.547085201793722,0.407481898632341,0.396767676767677,0.365723657236572
"104","La Serena",0.380021383839927,0.42939015429831,0.435072142064373,0.440040266767334,0.41727115716753,0.429834634818558,NA,0.368815275872982,0.376366618075802
"105","La Unión",0.476122594440485,0.458887545344619,0.417531718569781,0.318700114025086,0.3896484375,0.398689751988769,0.31271186440678,0.297898640296663,0.183541903678422
"106","Lago Ranco",0.230769230769231,0.130681818181818,0.206261510128913,0.202821869488536,0.328548644338118,0.239130434782609,0.338557993730408,0.309248554913295,0.2421875
"107","Laja",0.433098591549296,0.430756843800322,0.422960725075529,0.440559440559441,0.428956228956229,0.435452793834297,0.433164128595601,0.42315901814301,0.378640776699029
"108","Lampa",0.371715610510046,0.389308176100629,0.36231884057971,0.362026561731431,0.358623731804146,0.353107344632768,0.367116296026249,0.388851121685928,0.2842542318748
"109","Lanco",0.420435510887772,0.441538461538462,0.520114942528736,0.496487119437939,0.491428571428571,0.565789473684211,0.490586932447398,0.378455672068637,0.35708927231808
"110","Las Cabras",0.390243902439024,0.377643504531722,0.378427787934186,0.469608659450458,0.429984779299848,0.513532763532764,0.438642297650131,0.386617100371747,0.357572718154463
"111","Las Condes",0.584489975765587,0.577169730654126,0.5684167849179,0.611043583955548,0.578391863365957,0.692279613068078,0.559775727979743,0.568517217146873,0.447890188103711
"112","Lautaro",0.397833935018051,0.430160692212608,0.458908612754767,0.445922498554078,0.437911809427268,0.420048899755501,0.407493061979648,0.459697732997481,0.311089303238469
"113","Lebu",0.348903043170559,0.452544704264099,0.457063711911357,0.451315789473684,0.362354383813611,0.413625304136253,0.33625730994152,0.331447963800905,0.273202614379085
"114","Licantén",NA,NA,0.42093023255814,0.492094861660079,0.485537190082645,0.442495126705653,0.457786116322702,0.448648648648649,0.41047503045067
"115","Limache",0.445871559633028,0.40715667311412,0.326323422770123,0.297501892505677,0.350213980028531,0.308886971527179,0.272485009993338,0.312455003599712,0.331967213114754
"116","Linares",0.4149377593361,0.441459369817579,0.34806342604627,0.417824377457405,0.430205949656751,0.43158905424868,0.418318380972251,0.429926442121564,0.362276975361087
"117","Litueche",NA,NA,NA,NA,NA,NA,0.423255813953488,0.417582417582418,0.415855354659249
"118","Llaillay",0.437810945273632,0.457845433255269,0.502606882168926,0.532304725168756,0.694023193577163,0.644097222222222,0.437037037037037,0.428571428571429,0.322222222222222
"119","Llanquihue",0.404411764705882,0.40153452685422,0.401759530791789,0.387546468401487,0.488986784140969,0.422354948805461,0.35063829787234,0.338283828382838,0.303898170246619
"120","Lo Barnechea",0.443688118811881,0.443686006825939,0.417419012214551,0.481042654028436,0.417272727272727,0.485382631126397,0.494228302693459,0.469497114591921,0.361292665214234
"121","Lo Espejo",0.410204081632653,0.38933389544688,0.431943031536114,0.458277383464416,0.325621088564385,0.477582496413199,0.408245165997811,0.370905923344948,0.495023359739996
"122","Lo Prado",0.396683466103073,0.439341810022438,0.403579918892463,0.411112650685881,0.41551724137931,0.435391730141458,0.354834310650484,0.366319444444444,0.324422527900337
"123","Lolol",NA,NA,NA,NA,NA,0.448979591836735,0.42436974789916,0.410569105691057,0.40500736377025
"124","Loncoche",0.490173410404624,0.490909090909091,0.53217568947906,0.576127819548872,0.513784461152882,0.521739130434783,0.449675324675325,0.437593984962406,0.391106043329532
"125","Longaví",0.460425531914894,0.482335976928623,0.468852459016393,0.448484848484848,0.436263736263736,0.423283261802575,0.399801587301587,0.409695817490494,0.354877559213167
"126","Lonquimay",NA,NA,NA,NA,NA,NA,NA,NA,0.46
"127","Los Álamos",0.457716701902748,0.449643947100712,0.288367546432063,0.244302643573382,0.252595155709343,0.271074380165289,0.327188940092166,0.315565031982942,0.281401617250674
"128","Los Andes",0.457836281365693,0.457458985120183,0.419378427787934,0.519369665134603,0.514545454545455,0.466550825369244,0.409984480082773,0.412403922608004,0.315298507462687
"129","Los Ángeles",0.359880324832597,0.387732062217762,0.406707099536211,0.422876757834127,0.443833943833944,0.486460254294866,0.376015289058767,0.41981090394981,0.314735237039091
"130","Los Lagos",0.323756906077348,0.383196721311475,0.39117929050815,0.411818181818182,0.446443873179092,0.405867970660147,0.363153904473086,0.299255247122546,0.251700680272109
"131","Los Muermos",0.415748031496063,0.554959785522788,0.550245098039216,0.514925373134328,0.496395468589083,0.481446241674596,0.420107719928187,0.43448275862069,0.334224598930481
"132","Los Sauces",NA,NA,NA,NA,0.519015659955257,0.47,0.415413533834586,0.408695652173913,0.513748191027496
"133","Los Vilos",0.492997198879552,0.63206106870229,0.446675031367629,0.467045454545455,0.454445664105379,0.43322818086225,NA,0.440993788819876,0.438775510204082
"134","Lota",0.28155737704918,0.338905775075988,0.350714285714286,0.347144846796657,0.356146179401993,0.436759526096702,0.413875598086124,0.39555041895406,0.279094827586207
"135","Lumaco",NA,0.448837209302326,0.542735042735043,0.541044776119403,0.719594594594595,0.517571884984026,0.58160237388724,0.565826330532213,0.449567723342939
"136","Machalí",0.537248028045574,0.528744939271255,0.437256430241621,0.394856278366112,0.357195032870709,0.383540372670807,0.367373153500321,0.39906103286385,0.372575552548489
"137","Macul",0.521191700656145,0.496321177223289,0.496203662349263,0.462750518313753,0.57668137451531,0.566345151199166,0.466331411750276,0.405247130475521,0.355303240099695
"138","Máfil",NA,NA,NA,0.683098591549296,0.768558951965066,0.736401673640167,0.603340292275574,0.600414078674948,0.451785714285714
"139","Maipú",0.360708982925019,0.475496462967698,0.50156142889786,0.487718802936194,0.510168618869867,0.497400646950092,0.4409979770735,0.449997295689329,0.351307678496619
"140","Malloa",0.533222591362126,0.4464,0.706666666666667,0.518361581920904,0.513477088948787,0.485498108448928,0.406542056074766,0.478935698447894,0.322894168466523
"141","Marchihue",NA,NA,NA,NA,NA,0.674418604651163,0.505197505197505,0.44758064516129,0.525
"142","María Pinto",0.48,0.481012658227848,0.480885311871227,0.383587786259542,0.389770723104056,0.370065789473684,0.379767827529022,0.408888888888889,0.255372945638432
"143","Mariquina",0.363636363636364,0.588675213675214,0.457291666666667,0.41966893865628,0.418931583880037,0.364636209813875,0.422570016474465,0.355654761904762,0.350311262026033
"144","Maule",0.426791277258567,0.428238039673279,0.427058823529412,0.516129032258065,0.458666666666667,0.393740902474527,0.424028268551237,0.425,0.412264995523724
"145","Maullín",0.318095238095238,0.379370629370629,0.442724458204334,0.561240310077519,0.396419437340153,0.406758448060075,0.411556603773585,0.375401069518717,0.203252032520325
"146","Mejillones",NA,NA,NA,NA,0.479253112033195,0.505791505791506,0.419457735247209,0.500815660685155,0.442028985507246
"147","Melipeuco",NA,NA,NA,NA,NA,NA,NA,NA,0.290540540540541
"148","Melipilla",0.351896690879742,0.393649974186887,0.401078390709249,0.379811320754717,0.347033533963886,0.321018707750354,0.251184834123223,0.30203838714477,0.275945172465733
"149","Molina",0.513823682837767,0.479373368146214,0.470076726342711,0.448081841432225,0.544686527345487,0.484205776173285,0.455797423367392,0.45447187373533,0.359651511026409
"150","Monte Patria",0.409420289855072,0.472172351885099,0.452066115702479,0.476605868358446,0.442877291960508,0.467061923583663,NA,0.48810250152532,0.419609910384818
"151","Mostazal",0.344755970924195,0.316176470588235,0.32390243902439,0.325095057034221,0.317515099223468,0.418952618453865,0.404761904761905,0.381510416666667,0.275880758807588
"152","Mulchén",0.503050847457627,0.46617008069522,0.474698795180723,0.489291598023064,0.476606683804627,0.442631058358061,0.317073170731707,0.313932172318973,0.240788033564393
"153","Nacimiento",0.415744157441574,0.43887323943662,0.445839874411303,0.456207892204042,0.436405529953917,0.468343062415806,0.421321961620469,0.429290809903483,0.396449704142012
"154","Nancagua",0.436585365853659,0.484162895927602,0.479915433403805,0.441087613293051,0.515384615384615,0.474358974358974,0.403448275862069,0.310480693459417,0.416990920881971
"155","Natales",0.326747720364742,0.373751783166904,0.51797603195739,0.520048602673147,0.402015677491601,0.395744680851064,0.314777327935223,0.335570469798658,0.305946791862285
"156","Navidad",NA,NA,NA,NA,NA,NA,0.360919540229885,0.414893617021277,0.326194398682043
"157","Negrete",0.392405063291139,0.495361781076067,0.358620689655172,0.444790046656299,0.408959537572254,0.42570281124498,0.378690629011553,0.37037037037037,0.315929203539823
"158","Ninhue",NA,NA,NA,NA,0.454347826086957,0.442857142857143,0.467710371819961,0.411032028469751,0.289124668435013
"159","Ñiquén",0.322469982847341,0.381428571428571,0.360248447204969,0.354098360655738,0.372448979591837,0.485559566787004,0.355723746452223,0.323977546110666,0.289025221540559
"160","Nogales",0.367502726281352,0.367941712204007,0.354616048317515,0.397896581945662,0.40719696969697,0.40905057675244,0.412587412587413,0.407732864674868,0.370216306156406
"161","Nueva Imperial",0.313603322949117,0.313620071684588,0.354130052724077,0.345932621199671,0.414339622641509,0.44311377245509,0.410089020771513,0.322394933793897,0.272263450834879
"162","Ñuñoa",0.402583423035522,0.409591194968553,0.430690446759668,0.433537832310838,0.459101919135457,0.480086114101184,0.399286652900319,0.38278704236151,0.280347404564734
"163","Olivar",0.537223340040241,0.504672897196262,0.466549295774648,0.473873873873874,0.541484716157205,0.436107854630715,0.425061425061425,0.462441314553991,0.372881355932203
"164","Olmué",0.59594383775351,0.486910994764398,0.475675675675676,0.417156286721504,0.618129218900675,0.558983666061706,0.446808510638298,0.408239700374532,0.291462217860648
"165","Osorno",0.354342358337032,0.361857299136988,0.35742444152431,0.374536178107607,0.438922092901332,0.499742347727507,0.447368421052632,0.408379373848987,0.311007957559682
"166","Ovalle",0.2889369592089,0.347521865889213,0.376737967914438,0.38635821607441,0.425307178271179,0.464596518987342,NA,0.379047956113962,0.30131494547787
"167","Padre Hurtado",0.441550575408843,0.457566765578635,0.449593884376493,0.452370403190075,0.450955414012739,0.495898277276456,0.371130175307721,0.365466101694915,0.261783655476433
"168","Padre Las Casas",0.413722267871816,0.415466262319939,0.409744128987031,0.417744916820702,0.376615746180964,0.419092945128779,0.400052328623757,0.37796442687747,0.381079027355623
"169","Paillaco",0.402654867256637,0.255297679112008,0.56150234741784,0.386457473162675,0.339449541284404,0.356892932120364,0.24684804246848,0.295668549905838,0.406476828587381
"170","Paine",0.371276595744681,0.428438228438228,0.477768456375839,0.523495465787304,0.637513171759747,0.496387056236255,0.393072289156627,0.411185163720661,0.370689655172414
"171","Palmilla",0.302631578947368,0.333931777378815,0.361873990306947,0.282885431400283,0.400820793433653,0.428048780487805,0.470790378006873,0.482254697286013,0.487455197132616
"172","Panguipulli",0.355719557195572,0.293243243243243,0.421482412060302,0.38691159586682,0.386674259681093,0.369631901840491,0.326618705035971,0.282336578581363,0.268271711092003
"173","Panquehue",NA,NA,NA,NA,NA,NA,0.446261682242991,0.415754923413567,NA
"174","Papudo",NA,NA,NA,NA,NA,NA,NA,NA,0.415983606557377
"175","Paredones",NA,NA,NA,NA,NA,NA,NA,0.415094339622642,0.246823956442831
"176","Parral",0.341897233201581,0.380273660205245,0.360997963340122,0.394177449168207,0.415211970074813,0.377094972067039,0.315749235474006,0.309532309889325,0.398346601347214
"177","Pedro Aguirre Cerda",0.537466639293779,0.537316210683045,0.554223533751383,0.556713358387427,0.539307667421546,0.524992426537413,0.491834278837889,0.428381522100366,0.364679297757692
"178","Pelarco",NA,0.452868852459016,0.52165725047081,NA,0.483992467043315,0.565371024734982,0.449664429530201,0.371173469387755,0.584205518553758
"179","Pelluhue",NA,NA,NA,NA,0.485458612975392,0.473251028806584,0.41015625,0.385689354275742,0.397668393782383
"180","Pemuco",NA,NA,0.47939262472885,0.614754098360656,0.569200779727095,0.61100569259962,0.556521739130435,0.495222929936306,0.301441677588467
"181","Peñaflor",0.481614996395097,0.44811753902663,0.476361460203471,0.415908500129971,0.473308733087331,0.456724367509987,0.353886235345202,0.399486740804106,0.404861111111111
"182","Peñalolén",0.368334596916856,0.392611493232749,0.40006233118637,0.430484943292921,0.438110006385114,0.47511353315168,0.404281452886471,0.409636531520188,0.393345917885795
"183","Pencahue",NA,0.464052287581699,0.453125,0.45724907063197,0.446153846153846,0.43213728549142,0.407012195121951,0.419220055710306,0.356502242152466
"184","Penco",0.370235934664247,0.362068965517241,0.412228057014254,0.451834076105588,0.473307291666667,0.477016742770167,0.397779833487512,0.414264919941776,0.266750313676286
"185","Peralillo",0.536538461538462,0.562080536912752,0.589123867069486,0.51872399445215,0.508819538670285,0.462420382165605,0.419047619047619,0.391011235955056,0.379439252336449
"186","Perquenco",NA,NA,NA,NA,NA,NA,NA,NA,0.303508771929825
"187","Petorca",NA,0.453488372093023,0.47808764940239,0.57311320754717,0.46360153256705,0.526881720430108,0.464737793851718,0.45959595959596,0.395550061804697
"188","Peumo",0.547332185886403,0.547692307692308,0.560902255639098,0.578703703703704,0.522988505747126,0.491547464239272,0.409713574097136,0.452562704471101,0.427782888684453
"189","Pichidegua",0.505040322580645,0.422590068159688,0.340284360189573,0.457190357439734,0.490712074303406,0.52129963898917,0.490721649484536,0.451171875,0.39371337240277
"190","Pichilemu",0.555035128805621,0.611973392461197,0.597777777777778,0.608163265306122,0.523049645390071,0.551673944687045,0.511306532663317,0.472642607683353,0.514307228915663
"191","Pinto",0.343984962406015,0.380234505862647,0.360294117647059,0.431286549707602,0.424778761061947,0.450887573964497,0.423595505617978,0.43098311817279,0.312080536912752
"192","Pirque",0.274725274725275,0.351875808538163,0.35876993166287,0.357429718875502,0.397697077059345,0.446859903381642,0.409822866344605,0.387860843819393,0.312310491206792
"193","Pitrufquén",0.343806104129264,0.419939577039275,0.404984423676012,0.460405156537753,0.441822620016273,0.420740740740741,0.396493594066082,0.399499060738885,0.424814565070802
"194","Placilla",0.608294930875576,0.570484581497797,0.498915401301518,0.641791044776119,0.641547861507128,0.615819209039548,0.571912013536379,0.513201320132013,0.370843989769821
"195","Portezuelo",NA,NA,NA,NA,0.48,0.466942148760331,0.444874274661509,0.457350272232305,0.459610027855153
"196","Porvenir",NA,NA,NA,NA,NA,NA,NA,NA,0.334075723830735
"197","Pozo Almonte",NA,NA,0.360594795539033,0.391969407265774,0.524871355060034,0.453396524486572,0.402476780185758,0.447422680412371,0.457207207207207
"198","Providencia",0.42135248947238,0.563055062166963,0.455108359133127,0.439310344827586,0.462306993642144,0.616352201257862,0.40864061640066,0.468246733515649,0.378865205643951
"199","Puchuncaví",0.504288164665523,0.486223662884927,0.53219696969697,0.419395465994962,0.418250950570342,0.517098445595855,0.446835443037975,0.443355119825708,0.266201395812562
"200","Pucón",0.354489164086687,0.418502202643172,0.545323741007194,0.517456359102244,0.477203647416413,0.535019455252918,0.453125,0.352015732546706,0.430246913580247
"201","Pudahuel",0.418104558331187,0.416476754785779,0.438219002982531,0.448252688172043,0.541995440995967,0.456928838951311,0.370025036691703,0.378740786786253,0.379249489132454
"202","Puente Alto",0.334871794871795,0.309858424519006,0.303153988868275,0.321787148594378,0.333944813880608,0.343123000872347,0.300135409614083,0.299963632756968,0.221335078534031
"203","Puerto Montt",0.35892082864943,0.350328477577835,0.349696635410921,0.380610889774236,0.470941176470588,0.514611305427056,0.430330043510559,0.439045092838196,0.353008926000576
"204","Puerto Octay",NA,NA,0.381818181818182,0.389121338912134,0.385685884691849,0.423954372623574,0.415384615384615,0.432634730538922,0.429530201342282
"205","Puerto Varas",0.523023457862728,0.4696,0.482442748091603,0.273255813953488,0.370304114490161,0.390481651376147,0.426608369768894,0.443167305236271,0.382927992370052
"206","Punitaqui",NA,0.422566371681416,0.404255319148936,0.530797101449275,0.480672268907563,0.555727554179567,NA,0.322147651006711,0.443468715697036
"207","Punta Arenas",0.407722513089005,0.459427675421403,0.466666666666667,0.480515079634022,0.459642339294345,0.524740378741601,0.417735956658112,0.477014677374688,0.423539312334696
"208","Purén",0.344322344322344,0.32295719844358,0.404718693284936,0.426523297491039,0.353146853146853,0.444444444444444,0.263785394932936,0.451398135818908,0.392967942088935
"209","Purranque",0.323647294589178,0.313333333333333,0.384093113482056,0.437200383509108,0.417024320457797,0.44249649368864,0.383668178872327,0.455570291777188,0.362148337595908
"210","Putaendo",0.594594594594595,0.490789473684211,0.558968058968059,0.495515695067265,0.453403141361257,0.46619576185671,0.397101449275362,0.409980430528376,0.267234042553191
"211","Puyehue",0.408317580340265,0.327814569536424,0.348460291734198,0.367036011080332,0.354044548651817,0.340807174887892,0.354101765316719,0.428155339805825,0.310526315789474
"212","Queilén",NA,NA,NA,NA,NA,NA,NA,NA,0.448198198198198
"213","Quellón",0.199261992619926,0.273885350318471,0.251874062968516,0.328671328671329,0.274969173859433,0.398357289527721,0.337638376383764,0.355932203389831,0.377308707124011
"214","Quemchi",NA,NA,NA,NA,NA,NA,NA,NA,0.377906976744186
"215","Quilicura",0.331944103947046,0.358601216333623,0.422775657762603,0.428648261025457,0.372756793710477,0.358603334381881,0.385172057303205,0.320328542094456,0.40560543557389
"216","Quilleco",NA,NA,0.479028697571744,0.639921722113503,0.635398230088496,0.594339622641509,0.533950617283951,0.550375939849624,0.45926800472255
"217","Quillón",0.509178743961353,0.489090909090909,0.3935546875,0.574283231972198,0.558673469387755,0.565011820330969,0.428892215568862,0.403361344537815,0.255921730175077
"218","Quillota",0.450699419993176,0.477958937198068,0.485851726089417,0.50013133701077,0.451946179721288,0.465694096193298,0.380952380952381,0.382277481744622,0.386915512743327
"219","Quilpué",0.442523768366465,0.46509186351706,0.466380543633763,0.459803752797383,0.381640887693342,0.412071778140294,0.412576446604987,0.406921241050119,0.299813532232286
"220","Quinchao",NA,NA,NA,NA,NA,NA,NA,NA,0.405349794238683
"221","Quinta de Tilcoco",0.496815286624204,0.487218045112782,0.380607814761216,0.464095744680851,0.449344457687723,0.485393258426966,0.573410404624278,0.55388180764774,0.422145328719723
"222","Quinta Normal",0.401408450704225,0.39117492558221,0.37106615285806,0.363578172507601,0.340587595212187,0.370855821125675,0.290555806597379,0.423531126986441,0.342288852605017
"223","Quintero",NA,0.430745814307458,0.489241223103058,0.493027888446215,0.380952380952381,0.506690454950937,0.368845120859445,0.446428571428571,0.313896987366375
"224","Quirihue",0.422264875239923,0.453887884267631,0.459074733096085,0.466898954703833,0.497495826377296,0.504573170731707,0.45872801082544,0.47176913425345,0.3006416131989
"225","Rancagua",0.514768937589328,0.545150874067476,0.577153435696396,0.568684156166081,0.480688413047829,0.463553530751708,0.401430228063394,0.394720014615876,0.374046378125236
"226","Ránquil",NA,NA,NA,NA,0.588235294117647,0.55668016194332,0.487571701720841,0.369609856262834,0.137630662020906
"227","Rauco",NA,NA,0.342379958246347,0.318702290076336,0.374113475177305,0.346938775510204,0.355618776671408,0.350253807106599,0.393039049235993
"228","Recoleta",0.326273241713824,0.424238004958437,0.309254424136931,0.364658523042754,0.418869459129728,0.460217590772054,0.347455369038103,0.358579721884704,0.389681023078054
"229","Renaico",0.4,0.422788605697151,0.452211126961484,0.417894736842105,0.504597701149425,0.539078156312625,0.557013118062563,0.566289825282631,0.382716049382716
"230","Renca",0.526305457400864,0.491250602022797,0.457260399207679,0.485328297501453,0.504119536377601,0.496488946684005,0.428801640785233,0.447481164130595,0.345905636024667
"231","Rengo",0.431394692264257,0.440702781844802,0.439239946973045,0.456209150326797,0.466749277158199,0.473065250379363,0.472519628836545,0.449683544303797,0.305009823182711
"232","Requínoa",0.592521572387344,0.587917042380523,0.629204265791632,0.602975724353955,0.607651912978245,0.536316947909024,0.454545454545455,0.426616915422886,0.366204162537166
"233","Retiro",0.437980241492865,0.473880597014925,0.43279797125951,0.428882438316401,0.474125874125874,0.461689587426326,0.418272218769422,0.380199179847686,0.334812623274162
"234","Rinconada",NA,NA,0.36551724137931,0.549568965517241,0.547325102880658,0.512411347517731,0.4464,0.348056537102473,0.389567147613762
"235","Río Bueno",0.369337979094077,0.32409793814433,0.342044134727062,0.298826040554963,0.320975114271204,0.353670634920635,0.324814126394052,0.294981060606061,0.175549915397631
"236","Río Claro",0.433085501858736,0.51493848857645,0.543171114599686,0.518005540166205,0.656984785615491,0.509478672985782,0.468201754385965,0.467816091954023,0.450610432852386
"237","Río Negro",0.409090909090909,0.395245170876672,0.429386590584879,0.476335877862595,0.457978075517661,0.436965811965812,0.379716981132075,0.377358490566038,0.288429752066116
"238","Romeral",0.359649122807018,0.40095087163233,0.423076923076923,0.454545454545455,0.44640753828033,0.499375780274657,0.469194312796209,0.495614035087719,0.392102846648301
"239","Saavedra",NA,0.427331887201735,0.413333333333333,0.41871921182266,0.505311077389985,0.456671251719395,0.401041666666667,0.38974358974359,0.402125775022143
"240","Sagrada Familia",0.541912632821724,0.431183830606352,0.396325459317585,0.4,0.432743362831858,0.439522998296422,0.363173216885007,0.425619834710744,0.34971546818417
"241","Salamanca",0.455761316872428,0.478386167146974,0.447368421052632,0.445804195804196,0.49469387755102,0.484965304548959,NA,0.449760765550239,0.389596015495296
"242","San Antonio",0.421537816886654,0.42202380952381,0.40839243498818,0.432517031854171,0.426190067021825,0.410209813315711,0.412340224080795,0.422187981510015,0.367758546702904
"243","San Bernardo",0.401140497492872,0.336697393515575,0.401945822205265,0.412106206778793,0.420008267879289,0.434409448818898,0.400558987937629,0.378310485896792,0.316793610885159
"244","San Carlos",0.407826086956522,0.440089585666293,0.44717700034638,0.425435959110042,0.41255364806867,0.464673193966658,0.424708509054825,0.382117539446604,0.367434386716658
"245","San Clemente",0.363199037883343,0.390350877192982,0.455741021750126,0.459323583180987,0.454545454545455,0.454472843450479,0.405604719764012,0.416723087339201,0.367691881407592
"246","San Esteban",0.278925619834711,0.340753424657534,0.380451127819549,0.394308943089431,0.497530864197531,0.414988814317673,0.327689243027888,0.373887240356083,0.27790973871734
"247","San Fabián",NA,NA,NA,NA,NA,NA,NA,NA,0.295711060948081
"248","San Felipe",0.392777364110201,0.392661179698217,0.35032639104756,0.419950399559107,0.421618852459016,0.430203045685279,0.416482707873436,0.414446157234089,0.400829875518672
"249","San Fernando",0.416107382550336,0.414880711686211,0.386153846153846,0.46943231441048,0.494437172774869,0.469419924337957,0.425651658767773,0.432554210081667,0.398029134532991
"250","San Ignacio",0.405345211581292,0.447619047619048,0.516810758885687,0.436619718309859,0.418079096045198,0.422610015174507,0.397279885468862,0.392712550607287,0.24554565701559
"251","San Javier",0.404060913705584,0.411143131604227,0.531623175586024,0.520851433536056,0.497605746209098,0.473607038123167,0.398845892735913,0.442979564930784,0.400733220530175
"252","San Joaquín",0.450858679908959,0.472676419965577,0.452188342667496,0.434622467771639,0.517661900756939,0.487341772151899,0.394493717664449,0.382922535211268,0.367436372829934
"253","San José de Maipo",0.365339578454333,0.498098859315589,0.560763888888889,0.49800796812749,0.558064516129032,0.578059071729958,0.42995839112344,0.575342465753425,0.431618569636135
"254","San Juan de la Costa",NA,NA,0.44007858546169,0.465437788018433,0.407563025210084,0.43579766536965,0.356877323420074,0.366834170854271,0.373081463990555
"255","San Miguel",0.348344103392569,0.311502782931354,0.346292296616271,0.368764737892255,0.348404255319149,0.29456,0.30111821086262,0.359931023671422,0.301854395604396
"256","San Nicolás",0.511627906976744,0.489236790606654,0.420650095602294,0.396092362344583,0.409967845659164,0.421965317919075,0.38676844783715,0.370660694288914,0.258859784283513
"257","San Pablo",0.354838709677419,0.3300395256917,0.343173431734317,0.404761904761905,0.426512968299712,0.425,0.372034956304619,0.40512223515716,0.397020157756354
"258","San Pedro",NA,NA,NA,NA,NA,0.467592592592593,NA,0.483588621444201,0.450304259634888
"259","San Pedro de la Paz",0.385236447520185,0.419743178170144,0.440608090698274,0.421554601812113,0.430222020842773,0.445923801720606,0.409171773077683,0.43359668924003,0.33339909252318
"260","San Rafael",NA,NA,0.482688391038697,0.477099236641221,0.468197879858657,0.532062391681109,0.495894909688013,0.56055900621118,0.234042553191489
"261","San Ramón",0.413324420677362,0.463515754560531,0.421216562843532,0.406135986733002,0.447283311772316,0.490438900018212,0.436172050440491,0.418520349316197,0.30387971041396
"262","San Rosendo",NA,NA,NA,NA,NA,NA,0.405825242718447,NA,0.403578528827038
"263","San Vicente",0.475063938618926,0.474838709677419,0.481528662420382,0.24490861618799,0.367633726201269,0.438328646042587,0.401492537313433,0.449106165632981,0.350697991147429
"264","Santa Bárbara",0.484652665589661,0.453435114503817,0.497997329773031,0.494407158836689,0.404371584699454,0.44258872651357,0.430845771144279,0.432075471698113,0.364451082897685
"265","Santa Cruz",0.315959161740999,0.312925170068027,0.320765027322404,0.306613226452906,0.297619047619048,0.145888594164456,0.258506616257089,0.300720515737581,0.334065934065934
"266","Santa Juana",0.395634379263302,0.391857506361323,0.409952606635071,0.398663697104677,0.413606911447084,0.419087136929461,0.393236714975845,0.361626878868258,0.359670781893004
"267","Santa María",0.311377245508982,0.309090909090909,0.370192307692308,0.398496240601504,0.428767123287671,0.38058748403576,0.405637254901961,0.394230769230769,0.371155885471898
"268","Santiago",0.277069763051071,0.375409981384629,0.390031432420296,0.417289417842974,0.434922288790484,0.431018479453211,0.311669505962521,0.299783729828647,0.345361747851003
"269","Santo Domingo",NA,NA,NA,0.496487119437939,0.491071428571429,0.494824016563147,0.38623326959847,0.333919156414763,0.409032258064516
"270","Talagante",0.402684563758389,0.437442502299908,0.430466409927257,0.433660933660934,0.464681176021382,0.39245960502693,0.360526315789474,0.341599331290053,0.270806382061233
"271","Talca",0.328639082751745,0.359216544044542,0.376264697839759,0.364961113385182,0.404651162790698,0.45274008944137,0.405251798561151,0.421429594613952,0.372026582199863
"272","Talcahuano",0.321644320023574,0.332257630765093,0.444765153503018,0.332308783544154,0.353616284105673,0.372778546344578,0.336290663286861,0.274193548387097,0.309646452821353
"273","Taltal",NA,0.420689655172414,0.455399061032864,0.456818181818182,0.439232409381663,0.401941747572816,0.363475177304965,0.372649572649573,0.479564032697548
"274","Temuco",0.435797230906655,0.457602490918526,0.445845272206304,0.484277862870529,0.479263437292634,0.447181430601611,0.422531957492684,0.479081472161057,0.283703601490272
"275","Teno",0.485740570377185,0.578323454699407,0.562396006655574,0.496546431312356,0.485211267605634,0.423664122137405,0.446051838456902,0.431103487707261,0.430121527777778
"276","Teodoro Schmidt",0.349122807017544,0.390284757118928,0.38810641627543,0.406015037593985,0.511024643320363,0.490996398559424,0.447688564476886,0.461538461538462,0.346046511627907
"277","Tierra Amarilla",0.59927797833935,0.557971014492754,0.553865652724968,0.595307917888563,0.774647887323944,0.711283185840708,0.674091441969519,0.656898656898657,0.362113402061856
"278","Tiltil",0.449416342412451,0.52741935483871,0.5254730713246,0.474160206718346,0.471923536439665,0.494318181818182,0.422319474835886,0.420238095238095,0.337735849056604
"279","Tirúa",0.223913043478261,0.251748251748252,0.203233256351039,0.272527472527473,0.202404809619238,0.205273069679849,0.271062271062271,0.214659685863874,0.210914454277286
"280","Tocopilla",0.458171206225681,0.404104183109708,0.47502356267672,0.496028243601059,0.498630136986301,0.527097902097902,0.535986452159187,0.518025078369906,0.630382775119617
"281","Toltén",NA,NA,0.39906103286385,0.414486921529175,0.472897196261682,0.465890183028286,0.379527559055118,0.414739884393064,0.332983193277311
"282","Tomé",0.31187524990004,0.352918438345574,0.444405348346235,0.428910756701731,0.381796690307329,0.372210651591788,0.368199663488503,0.346238330587589,0.267221972084647
"283","Traiguén",0.467908902691511,0.58109559613319,0.695085255767302,0.484690067214339,0.531076923076923,0.479910714285714,0.33868378812199,0.416331994645248,0.378311258278146
"284","Treguaco",NA,NA,NA,NA,0.549773755656109,0.615546218487395,0.484848484848485,0.414316702819957,0.212264150943396
"285","Tucapel",0.473262032085562,0.47565543071161,0.48962148962149,0.509569377990431,0.483428571428571,0.416563658838072,0.449907235621521,0.469049694856146,0.39853626081171
"286","Valdivia",0.344975053456878,0.392710556558857,0.426165803108808,0.447801758593125,0.46225766533755,0.4822273280173,0.398114393463231,0.410269254852849,0.36948624805397
"287","Vallenar",0.451708766716196,0.577826086956522,0.526315789473684,0.505,0.376845018450184,0.544797687861272,0.468585468585469,0.487718049127803,0.418853591160221
"288","Valparaíso",0.356786133960047,0.403405462930117,0.414739586907294,0.424640841457158,0.411426474186445,0.396123348017621,0.334118967452301,0.342169195054797,0.29299674267101
"289","Vichuquén",NA,NA,NA,NA,NA,NA,NA,NA,0.322352941176471
"290","Victoria",0.431157432803072,0.260847628657921,0.378521845651286,0.494416243654822,0.447552447552448,0.571134868421053,0.518740031897927,0.506769825918762,0.338077056577577
"291","Vicuña",0.516129032258065,0.567111111111111,0.4877161055505,0.484060402684564,0.536379018612521,0.485693848354793,NA,0.510610079575597,0.417561591914087
"292","Vilcún",0.426426426426426,0.452908587257618,0.473684210526316,0.355603448275862,0.364452423698384,0.403044871794872,0.343817012151537,0.393732970027248,0.370463709677419
"293","Villa Alegre",0.465116279069767,0.549668874172185,0.524969549330085,0.546652030735456,0.576023391812866,0.660159716060337,0.522425249169435,0.502254283137962,0.357142857142857
"294","Villa Alemana",0.579518391108759,0.570799706529714,0.476070528967254,0.41921768707483,0.415922175898352,0.413061738765225,0.375751503006012,0.374907475943745,0.32993762993763
"295","Villarrica",0.3890608875129,0.328338475099163,0.402139991083371,0.43614248479583,0.449648711943794,0.42963238024508,0.363798008534851,0.374474053295933,0.373894398284642
"296","Viña del Mar",0.440852390852391,0.480788722012347,0.438245614035088,0.421750663129974,0.417013777635373,0.404452963727514,0.348515422311905,0.367937953607514,0.242945846105478
"297","Vitacura",0.479439252336449,0.45,0.562435500515996,0.677175283732661,0.509571558796718,0.462686567164179,0.400742115027829,0.41447963800905,0.448548812664908
"298","Yerbas Buenas",0.600852272727273,0.516795865633075,0.425149700598802,0.533404029692471,0.507568113017154,0.448717948717949,0.383944153577661,0.428671820098384,0.336511497476164
"299","Yumbel",0.551755175517552,0.61028192371476,0.546062407132244,0.576447625243982,0.622448979591837,0.581065088757396,0.543763676148797,0.483174284279257,0.296007342817806
"300","Yungay",0.478915662650602,0.453886010362694,0.508474576271186,0.472049689440994,0.415463041631266,0.50994575045208,0.455767869780609,0.483230663928816,0.217306441119063
"301","Zapallar",NA,NA,NA,NA,NA,NA,0.454945054945055,0.446854663774403,0.303448275862069
