"","comuna","2011","2012","2013","2014","2015","2016","2017","2018","2022","class","prob1","prob2"
"1","Aisén",0.062874251497006,0.2217125382263,0.537688442211055,0.196988707653701,0.165236051502146,0.680805938494168,0.377690802348337,0.243452958292919,0.547805642633229,"1",0.908,0.092
"2","Algarrobo",NA,0.103734439834025,0.243190661478599,0.332743362831858,0.213008130081301,0.200617283950617,0.147192716236722,0.155862068965517,0.04839968774395,"1",1,0
"3","Alhué",NA,NA,NA,NA,NA,NA,NA,NA,0.153078202995008,"1",0.998,0.002
"4","Alto Hospicio",0.129770992366412,0.342474489795918,0.257685858021241,0.252028397565923,0.278301886792453,0.184037558685446,0.154136917261655,0.122694768535943,0.0609665427509294,"1",1,0
"5","Ancud",0.127425614489004,0.157703927492447,0.0865603644646925,0.0933977455716586,0.107738998482549,0.205335874225822,0.0803362914525922,0.288215200683177,0.182085648904871,"1",0.999,0.001
"6","Andacollo",NA,NA,NA,NA,NA,0.881057268722467,0.881632653061225,0.791187739463602,0.530935251798561,"2",0.003,0.997
"7","Angol",0.19553706505295,0.520752039730401,0.512021672875042,0.230504227998747,0.514088729016787,0.391988950276243,0.497793926810278,0.35919395465995,0.539140271493213,"1",0.918,0.082
"8","Antofagasta",0.0286880598707336,0.0509342977697408,0.0993862388284699,0.0779017079121645,0.102316437302334,0.109762181939132,0.187526588956011,0.270751953125,0.250818122318377,"1",0.996,0.004
"9","Arauco",NA,0.286404416839199,0.269426751592357,0.480542452830189,0.311449579831933,0.246347607052897,0.41123701605288,0.394181135617081,0.416595744680851,"1",0.935,0.065
"10","Arica",0.306774193548387,0.475600766622438,0.262157022548221,0.273485902136806,0.301931791080372,0.249468144664651,0.293877551020408,0.242488834754365,0.336975132490828,"1",0.987,0.013
"11","Buin",0.298507462686567,0.533128415300546,0.176838810641628,0.294367393150297,0.345544554455446,0.142857142857143,0.334404406701859,0.291539467945922,0.630410022779043,"1",0.924,0.076
"12","Bulnes",0.286012526096033,0.490142760027192,0.421854304635762,0.46615087040619,0.436430317848411,0.263661971830986,0.474706182933061,0.441632231404959,0.764033264033264,"2",0.152,0.848
"13","Cabildo",0.118446601941748,0.235955056179775,0.119718309859155,NA,NA,NA,0.215270413573701,0.216515609264854,0.327227310574521,"1",0.981,0.019
"14","Cabrero",0.150943396226415,0.301196808510638,0.454488778054863,0.62035010940919,0.497262319561971,0.402229447282861,0.598582188746123,0.763352506162695,0.672830188679245,"2",0.012,0.988
"15","Calama",0.190158465387823,0.197040498442368,0.190441708906589,0.128153380423814,0.135791366906475,0.117547329754168,0.114588591620394,0.206648070664807,0.296143847487002,"1",0.998,0.002
"16","Calbuco",0.332329317269076,0.512465373961219,0.192341941228851,0.847715736040609,0.814117647058824,0.816777041942605,0.818,0.740307692307692,0.670307845084409,"2",0.004,0.996
"17","Caldera",0.175166297117517,0.211072664359862,0.349579831932773,0.0312965722801788,0.368421052631579,0.259259259259259,0.467191601049869,0.128140703517588,0.426786953504511,"1",0.985,0.015
"18","Calera",0.0861035422343324,NA,NA,0.299765807962529,0.327475353621946,0.138061267310113,0.561304836895388,0.541509433962264,0.37192522138406,"1",0.942,0.058
"19","Calera de Tango",0.0461095100864553,0.147327249022164,0.025062656641604,0.672665916760405,0.476239669421488,0.465534465534466,0.357078449053201,0.364444444444444,0.332425068119891,"1",0.879,0.121
"20","Calle Larga",NA,0.841409691629956,0.859126984126984,0.65,NA,NA,0.0684563758389262,0.0835443037974684,0.811279826464208,"2",0.432,0.568
"21","Canela",NA,NA,NA,NA,NA,0.0967741935483871,0.684549356223176,0.523605150214592,0.626506024096386,"2",0.05,0.95
"22","Cañete",0.309066843150232,0.527596439169139,0.396463205932687,0.554683411826269,0.615422639644093,0.473222530009234,0.599389712292938,0.386672325976231,0.364149611856034,"1",0.86,0.14
"23","Carahue",0.203302373581011,0.601921024546425,0.380295566502463,0.373307543520309,0.544270833333333,0.26320272572402,0.101438304314913,0.261237785016287,0.435418768920283,"1",0.924,0.076
"24","Cartagena",0.00330396475770925,0.501525940996948,0.428979980934223,0.00659521846661171,0.109062980030722,0.187417218543046,0.309309309309309,0.350276243093923,0.286889211417513,"1",0.991,0.009
"25","Casablanca",0.556442417331813,0.920965971459934,0.526173285198556,0.596137699412259,0.506289308176101,0.484011627906977,0.068073519400953,0.66688874083944,0.537335285505124,"2",0.156,0.844
"26","Castro",0.200645161290323,0.220997679814385,0.177375068643602,0.00805152979066022,0.095166163141994,0.167673014398514,0.18232044198895,0.394250513347023,0.723893805309734,"1",0.891,0.109
"27","Catemu",0.422131147540984,0.469858156028369,0.195161290322581,0.361426256077796,NA,0.487316421895861,0.504447268106734,0.250309789343247,0.567045454545455,"1",0.545,0.455
"28","Cauquenes",0.350208457415128,0.463015245623941,0.534351145038168,0.714221218961625,0.606210621062106,0.579313342025206,0.664104882459313,0.401499375260308,0.280360860513532,"1",0.952,0.048
"29","Cerrillos",0.0248946763692072,0.0882467786021086,0.104864864864865,0.0970662803332126,0.10126582278481,0.0573951434878587,0.103637791154148,0.0152,0.0356807511737089,"1",1,0
"30","Cerro Navia",0.0364372469635627,0.0181159420289855,0.0759644930010242,0.0532525510204082,0.0947336561743341,0.152383737935069,0.149251562272925,0.143452541005647,0.295873573309921,"1",0.999,0.001
"31","Chañaral",NA,NA,0.16,0.161888701517707,0.253488372093023,0.25511811023622,0.272863568215892,0.240131578947368,0.00134952766531714,"1",0.996,0.004
"32","Chanco",NA,NA,0.569160997732426,0.718468468468468,0.810606060606061,0.640831758034026,0.640322580645161,0.586370839936609,0.415990730011587,"2",0.158,0.842
"33","Chépica",NA,NA,NA,0.584938704028021,0.511078286558346,0.402453987730061,0.408,0.367283950617284,0.218571428571429,"1",0.949,0.051
"34","Chiguayante",0.331481481481481,0.476432401919277,0.395530726256983,0.326302414231258,0.272051773729626,0.354310742277547,0.191743119266055,0.147494707127735,0.146680286006129,"1",0.999,0.001
"35","Chillán",0.371650131143802,0.43824531516184,0.494560838033844,0.474850809889173,0.329470348574015,0.499738812467352,0.635078969243558,0.513410260408545,0.46444410460315,"2",0.286,0.714
"36","Chillán Viejo",0.316729323308271,0.45777027027027,0.297855440826052,0.541666666666667,0.387820512820513,0.529556650246305,0.435160065111232,0.791067761806982,0.677802197802198,"2",0.02,0.98
"37","Chimbarongo",0.0291627469426152,NA,NA,NA,NA,0.263709180529883,0.462703962703963,0.285166940339354,0.192679002413516,"1",0.999,0.001
"38","Cholchol",NA,NA,NA,NA,NA,0.0785854616895874,0.229445506692161,0.278846153846154,0.768421052631579,"1",0.931,0.069
"39","Chonchi",0.268131868131868,0.0073394495412844,0.516835016835017,0.159754224270353,0.267229254571027,0.220293724966622,0.360675512665863,0.315230224321133,0.299256505576208,"1",0.997,0.003
"40","Cobquecura",NA,NA,NA,NA,NA,NA,NA,NA,0.650727650727651,"2",0.219,0.781
"41","Codegua",0.304147465437788,0.316455696202532,NA,0.426415094339623,0.205555555555556,0.404109589041096,0.3968,0.193265007320644,0.561576354679803,"1",0.939,0.061
"42","Coelemu",0.541720154043646,0.39440203562341,0.35028901734104,0.344108446298227,0.566448801742919,0.834230355220667,0.77720207253886,0.68046198267565,0.637978142076503,"2",0.005,0.995
"43","Coihaique",0.168466522678186,0.0875232774674116,0.138252756573367,0.2149302707137,0.371287128712871,0.339113680154143,0.550295857988166,0.306878306878307,0.335740072202166,"1",0.914,0.086
"44","Coihueco",0.524492234169654,0.336057201225741,0.129577464788732,0.258037922506183,0.348942598187311,0.192795196797865,0.719604421175102,0.691123653155464,0.639712488769093,"2",0.064,0.936
"45","Coinco",NA,NA,NA,NA,NA,NA,0.796420581655481,0.938053097345133,0.398009950248756,"2",0.024,0.976
"46","Colbún",0.195822454308094,NA,0.648535564853556,0.704154002026342,0.50046685340803,0.619683069224354,0.253365003958828,0.585618977020015,0.290697674418605,"2",0.368,0.632
"47","Colina",0.0861466821885914,0.00668896321070234,0.0818212940773708,0.133958270335652,0.265560165975104,0.365212955878602,0.362551740930119,0.722869545350697,0.784874290348743,"2",0.036,0.964
"48","Collipulli",0.375685557586837,0.683530678148547,0.271245634458673,0.165154264972777,0.544364508393285,0.302003081664099,0.751094890510949,0.326766304347826,0.0946419629444166,"1",0.997,0.003
"49","Coltauco",0.0907407407407407,0.177133655394525,0.170807453416149,0.101865136298422,0.459459459459459,0.40311004784689,0.112723214285714,0.252049180327869,0.177434908389585,"1",0.989,0.011
"50","Combarbalá",0.378099173553719,0.516699410609037,0.467857142857143,0.467408585055644,0.460949464012251,0.473684210526316,0.453566621803499,0.520833333333333,0.540217391304348,"2",0.21,0.79
"51","Concepción",0.222208997857653,0.343618965702613,0.370440691515939,0.187138863000932,0.313507043550318,0.425513324595893,0.331023409110116,0.248145094806265,0.365986520173576,"1",0.977,0.023
"52","Conchalí",0.00104329681794471,0.0219358797361559,0.0414108239326003,0.113002042205582,0.0396596858638743,0.0379697286012526,0.158923584666159,0.287962037962038,0.369129398570027,"1",0.992,0.008
"53","Concón",0.246449456975773,0.11633281972265,0.0481203007518797,0.16,0.0752182672934856,0.564375,0.686322188449848,0.0167966406718656,0.877903513996426,"2",0.323,0.677
"54","Constitución",0.137609649122807,0.345679012345679,0.199401794616152,0.12,0.219246861924686,0.339001848428836,0.260753711457937,0.22404181184669,0.402922169148637,"1",0.952,0.048
"55","Contulmo",NA,NA,NA,NA,NA,0.509009009009009,0.526970954356846,0.362725450901804,0.20545746388443,"1",0.971,0.029
"56","Copiapó",0.112827586206897,0.119372787051088,0.192762364294331,0.203310175725378,0.0835618943134028,0.189594207779087,0.165289256198347,0.269438862266193,0.0626656274356976,"1",0.999,0.001
"57","Coquimbo",0.183104820875719,0.310034129692833,0.346356916578669,0.59347463681829,0.443742639974307,0.42904093217807,0.227053615346778,0.409671532846715,0.402718168812589,"1",0.752,0.248
"58","Coronel",0.353352529823118,0.278922040423484,0.282841571133246,0.256155890168291,0.239607201309329,0.314533622559653,0.330286051312297,0.30071773839168,0.256240723249224,"1",0.977,0.023
"59","Corral",NA,NA,NA,NA,NA,NA,NA,NA,0.381395348837209,"1",0.713,0.287
"60","Cunco",0.175038051750381,0.0898876404494382,0.143799472295515,0.199257425742574,0.523702031602709,0.232484076433121,0.248490945674044,0.269230769230769,0.417536534446764,"1",0.966,0.034
"61","Curacautín",0.565379825653798,0.329341317365269,0.27536231884058,0.304540420819491,0.313368983957219,0.245039682539683,0.812688821752266,0.276633840644584,0.453212290502793,"1",0.991,0.009
"62","Curacaví",NA,0.133393017009848,0.312320916905444,0.343099460292984,0.198297872340426,0.42511013215859,0.277235161532682,0.521408839779006,0.350729086722947,"1",0.707,0.293
"63","Curanilahue",0.14391353811149,0.433281813498197,0.192642787996128,0.276133209990749,0.444444444444444,0.099445155783184,0.51618189266694,0.520400307929176,0.718988358089121,"2",0.194,0.806
"64","Curarrehue",NA,NA,NA,NA,NA,NA,NA,NA,0.175398633257403,"1",0.93,0.07
"65","Curepto",NA,0.258970358814353,0.254872563718141,0.298719772403983,0.0821917808219178,0.222222222222222,0.385441527446301,0.357482185273159,0.339875111507583,"1",0.888,0.112
"66","Curicó",0.0749744984699082,0.0562005721016322,0.263049341583373,0.350723763570567,0.210904480135249,0.25691857370942,0.241151845744006,0.186549239391513,0.162159284497445,"1",0.999,0.001
"67","Dalcahue",0.197278911564626,0.313253012048193,0.51004016064257,0.280612244897959,0.503852080123267,0.426829268292683,0.518134715025907,0.349323493234932,0.409803921568627,"1",0.963,0.037
"68","Diego de Almagro",NA,NA,NA,NA,0.223655913978495,0.212996389891697,0.395793499043977,0.312839059674503,NA,"1",0.989,0.011
"69","Doñihue",0.231481481481481,0.216524216524217,0.318356867779204,0.243589743589744,0.399518652226233,0.338302752293578,0.424273858921162,0.527504911591356,0.560056858564321,"2",0.308,0.692
"70","El Bosque",0.0441843452816386,0.0602994738972076,0.105188175234477,0.102146814404432,0.224550898203593,0.160306112174001,0.289381119878315,0.271854425749817,0.431594531045894,"1",0.98,0.02
"71","El Carmen",0.554441260744986,0.667134831460674,0.746835443037975,0.677675033025099,0.803897685749086,0.713362068965517,0.401598401598402,0.797405189620758,0.973684210526316,"2",0.005,0.995
"72","El Monte",0.240760295670539,0.173254835996636,0.599836333878887,0.383248730964467,0.155794320798158,0.649135987978963,0.344470046082949,0.455713319810683,0.399682371625199,"1",0.63,0.37
"73","El Quisco",0.24585635359116,0.211267605633803,0.172972972972973,0.0635359116022099,0.512531328320802,0.241860465116279,0.288442211055276,0.328584149599288,0.240490006447453,"1",0.989,0.011
"74","El Tabo",0.0868055555555556,0.529837251356239,0.167721518987342,0.174382716049383,0.209335219236209,0.300136425648022,0.323232323232323,0.229787234042553,0.14018691588785,"1",0.995,0.005
"75","Ercilla",NA,NA,NA,NA,0.373831775700935,0.289029535864979,0.294243070362473,0.404452690166976,0.181679389312977,"1",0.993,0.007
"76","Estación Central",0.0235336712527154,0.0483494498166055,0.0137801440651425,0.102578634173987,0.133960345704118,0.117868044141817,0.342967244701349,0.0890181167524044,0.0128326996197719,"1",1,0
"77","Florida",0.272277227722772,0.325581395348837,0.722935779816514,0.66785079928952,0.336092715231788,0.758333333333333,0.572530864197531,0.667601683029453,0.356345177664975,"2",0.021,0.979
"78","Freire",0.565533980582524,0.348936170212766,0.390779363336992,0.255958549222798,0.382409177820268,0.101500441306267,0.121434392828036,0.0574886535552194,0.271483305966065,"1",0.999,0.001
"79","Freirina",NA,NA,NA,NA,NA,NA,NA,0.702078521939954,0.443037974683544,"2",0.181,0.819
"80","Fresia",0.298611111111111,0.271364317841079,0.335235378031384,0.789017341040462,0.360433604336043,0.569811320754717,0.218457943925234,0.491544532130778,0.162942271880819,"1",0.87,0.13
"81","Frutillar",0.289106145251397,0.468058968058968,0.197802197802198,0.771834061135371,0.651162790697674,0.609375,0.683333333333333,0.677062374245473,0.738211382113821,"2",0.009,0.991
"82","Futrono",0.321060382916053,0.289719626168224,0.271704180064309,0.197869101978691,0.322459222082811,0.325728770595691,0.407954545454545,0.435010482180293,0.577922077922078,"1",0.853,0.147
"83","Galvarino",0.0195694716242661,0.366733466933868,0.275229357798165,0.331623931623932,0.803191489361702,0.0451807228915663,0.539017341040462,0.428381962864721,0.376278118609407,"1",0.89,0.11
"84","Gorbea",NA,0.257142857142857,0.263855421686747,0.00294695481335953,0.143261074458058,0.286311389759666,0.0805687203791469,0.131374243733794,0.421887390959556,"1",0.998,0.002
"85","Graneros",0.658303464755078,0.667049368541906,NA,0.577235772357724,0.153628652214892,0.397828232971372,0.0475799835931091,0.401626016260163,0.915697674418605,"2",0.234,0.766
"86","Hijuelas",NA,0.174311926605505,NA,NA,0.00185356811862836,0.0102389078498294,0.0381543921916593,0.491774891774892,0.356656948493683,"1",0.976,0.024
"87","Hualaihué",NA,NA,NA,NA,NA,NA,NA,NA,0.776143790849673,"2",0.078,0.922
"88","Hualañé",0.00439882697947214,NA,0.00166944908180301,0.0124653739612188,0.142270861833105,0.197903014416776,0.178799489144317,0.204993429697766,0.186573670444638,"1",0.999,0.001
"89","Hualpén",0.254635352286774,0.364694701829413,0.415412769418463,0.412884043607532,0.332195472511678,0.207952087838962,0.140987896630684,0.22827804107425,0.424331671952877,"1",0.994,0.006
"90","Hualqui",0.0673316708229426,0.362459546925566,0.453428863868987,0.265360641139804,0.284572342126299,0.403918613413715,0.636918382913806,0.434311224489796,0.252790178571429,"2",0.205,0.795
"91","Huasco",0.0394431554524362,0.277013752455796,0.12810707456979,NA,0.11973018549747,0.305785123966942,0.324915824915825,0.400998336106489,0.145506419400856,"1",0.978,0.022
"92","Huechuraba",0.127595445411922,0.179305912596401,0.0717168581185967,0.367204899777283,0.329316216924286,0.235609756097561,0.299976673664567,0.328965205603253,0.639420289855072,"1",0.675,0.325
"93","Illapel",NA,0.553435114503817,0.040104620749782,0.394909688013136,0.360165975103734,0.342065868263473,0.205933682373473,0.15982312065698,0.395206527281999,"1",0.946,0.054
"94","Independencia",0.0973191333088505,0.0954561465304685,0.17845554834523,0.073013198539736,0.4316974054392,0.341715976331361,0.377804367334729,0.322505800464037,0.328718071138697,"1",0.911,0.089
"95","Iquique",0.22810188989318,0.237997796316701,0.211470546687385,0.144347372538793,0.188649178720275,0.176208433321906,0.238614423622942,0.36705235422156,0.214723926380368,"1",0.994,0.006
"96","Isla de Maipo",NA,0.0221300138312586,0.047741935483871,0.450117370892019,0.354605993340733,0.37027027027027,0.274527867342239,0.489202291758484,0.438461538461538,"1",0.909,0.091
"97","La Cisterna",0.254947613504075,0.157310704960836,0.224143451809158,0.400702987697715,0.333333333333333,0.41235167206041,0.384975305432805,0.383162439287642,0.630038652678078,"1",0.542,0.458
"98","La Cruz",NA,NA,0.397094430992736,0.145522388059701,NA,NA,0.778501628664495,NA,0.620362381363244,"2",0.009,0.991
"99","La Florida",0.334895711272557,0.453926850014176,0.536142646398563,0.393633686321198,0.408068011335223,0.399195171026157,0.588456266815574,0.531503863681395,0.196915014584466,"1",0.743,0.257
"100","La Granja",0.114625228519196,0.247714048212801,0.363779527559055,0.341929998582967,0.357259380097879,0.47842448569995,0.372525203449532,0.396642906415268,0.18430424828288,"1",0.991,0.009
"101","La Ligua",0.122254758418741,0.174031271244052,0.280580075662043,0.0466520307354555,NA,0.0112781954887218,0.520729684908789,0.571929824561404,0.772094926350245,"2",0.117,0.883
"102","La Pintana",0.244874274661509,0.269366641433258,0.374702239161505,0.490281246606581,0.362061980960097,0.342530922930542,0.396310155774084,0.378696676262758,0.155850727387729,"1",0.986,0.014
"103","La Reina",0.334237655995659,0.388447270800212,0.677290836653386,0.730662983425414,0.545758462181362,0.578067672238076,0.30048270313757,0.532525252525253,0.412464124641246,"2",0.12,0.88
"104","La Serena",0.326561784023217,0.454518736223365,0.336986681465039,0.318736630174909,0.386873920552677,0.251148369315572,0.198507800135655,0.314062664838063,0.644679300291545,"1",0.61,0.39
"105","La Unión",0.184604419101924,0.21584038694075,0.179354094579008,0.208095781071836,0.24560546875,0.510060832943379,0.36864406779661,0.290482076637824,0.195297686765264,"1",0.991,0.009
"106","Lago Ranco",0.659043659043659,0.481060606060606,0.441988950276243,0.458553791887125,0.521531100478469,0.605590062111801,0.755485893416928,0.452312138728324,0.5234375,"2",0.448,0.552
"107","Laja",0.220950704225352,0.289049919484702,0.353474320241692,0.437762237762238,0.560942760942761,0.458574181117534,0.496897913141568,0.824973319103522,0.557619248628113,"2",0.1,0.9
"108","Lampa",0.00927357032457496,0.0144654088050314,0.0340022296544036,0.0349237579931136,0.0710189677988531,0.0895883777239709,0.542471746263215,0.628823929299796,0.621207282018524,"1",0.589,0.411
"109","Lanco",0.443886097152429,0.496923076923077,0.433908045977011,0.46135831381733,0.422857142857143,0.258771929824561,0.551495016611296,0.539561487130601,0.398349587396849,"1",0.71,0.29
"110","Las Cabras",0.106430155210643,0.119838872104733,0.130712979890311,0.0149875104079933,0.270167427701674,0.0911680911680912,0.31201044386423,0.168525402726146,0.407221664994985,"1",0.967,0.033
"111","Las Condes",0.325402070940736,0.373022659256092,0.326373403608352,0.233547490883834,0.428708501247361,0.594086512137251,0.546030023512389,0.53829936753338,0.529910184714455,"2",0.363,0.637
"112","Lautaro",0.224548736462094,0.444993819530284,0.25706771860618,0.427414690572585,0.184490623416118,0.148655256723716,0.53422756706753,0.419395465994962,0.368334968923781,"1",0.898,0.102
"113","Lebu",0.573956121726822,0.380330123796424,0.373268698060942,0.192763157894737,0.430410790925812,0.1830900243309,0.387719298245614,0.415723981900453,0.409803921568627,"1",0.938,0.062
"114","Licantén",NA,NA,0.430232558139535,0.377470355731225,0.37396694214876,0.463937621832359,0.485928705440901,0.668468468468468,0.493300852618758,"2",0.08,0.92
"115","Limache",NA,0.129593810444874,0.282088469905729,0.0870552611657835,0.301711840228245,0.165660051768766,0.187208527648235,0.238300935925126,0.439890710382514,"1",0.977,0.023
"116","Linares",0.131298162418494,0.336318407960199,0.0748635300233949,0.151507208387942,0.198321891685736,0.28132501200192,0.189234300020864,0.346496322106078,0.400679694137638,"1",0.98,0.02
"117","Litueche",NA,NA,NA,NA,NA,NA,0.704651162790698,0.6,0.228094575799722,"1",0.544,0.456
"118","Llaillay",NA,0.195550351288056,0.141814389989572,0.293153326904532,0.130240856378234,0.258680555555556,0.609053497942387,0.534053156146179,0.124074074074074,"1",0.994,0.006
"119","Llanquihue",0.264705882352941,0.42540494458653,0.337243401759531,0.564126394052045,0.511013215859031,0.463310580204778,0.457021276595745,0.311881188118812,0.0922832140015911,"1",0.994,0.006
"120","Lo Barnechea",0.0371287128712871,0.0585893060295791,0.0833775889537971,0.372037914691943,0.329545454545455,0.571797076526225,0.323642582300128,0.318219291014015,0.403050108932462,"2",0.427,0.573
"121","Lo Espejo",NA,NA,NA,0.0080567811241128,0.0536696377773563,0.11603299856528,0.210871944545786,0.220731707317073,0.233597399959374,"1",0.998,0.002
"122","Lo Prado",0.158348236059177,0.1509349289454,0.0446091455740456,0.0692808646251905,0.193103448275862,0.345212187159956,0.352925132960589,0.316372863247863,0.301712950947314,"1",0.928,0.072
"123","Lolol",NA,NA,NA,NA,NA,0.687074829931973,0.792016806722689,0.378048780487805,0.393225331369661,"2",0.035,0.965
"124","Loncoche",NA,0.299465240641711,0.00306435137895812,0.00281954887218045,0.152046783625731,0.0120772946859903,0.0373376623376623,0.251127819548872,0.326681870011403,"1",0.999,0.001
"125","Longaví",0.247659574468085,0.21773612112473,0.354098360655738,NA,0.0258241758241758,0.103540772532189,0.265376984126984,0.325570342205323,0.519871537535126,"1",0.565,0.435
"126","Lonquimay",NA,NA,NA,NA,NA,NA,NA,NA,0.598,"2",0.3,0.7
"127","Los Álamos",0.471458773784355,0.452695829094608,0.280547409579668,0.413855970829535,0.000865051903114187,0.433884297520661,0.241167434715822,0.0582800284292822,0.268463611859838,"1",0.997,0.003
"128","Los Andes",0.112299465240642,0.111407859595574,0.0928702010968921,0.03086014445174,0.221212121212121,0.200984651028092,0.178737713398862,0.357010336602173,0.301927860696517,"1",0.997,0.003
"129","Los Ángeles",0.284798404331101,0.228048168590065,0.200975145677251,0.270291219134094,0.268111518111518,0.374939338056877,0.532441471571906,0.478041883891491,0.400401996118658,"1",0.858,0.142
"130","Los Lagos",0.152486187845304,0.20594262295082,NA,0.38,0.268209083119109,0.474327628361858,0.556482183472327,0.517264725795532,0.789734075448361,"2",0.088,0.912
"131","Los Muermos",0.458267716535433,0.462466487935657,0.51593137254902,0.426616915422886,0.578784757981462,0.647954329210276,0.608617594254937,0.686206896551724,0.429590017825312,"2",0.361,0.639
"132","Los Sauces",NA,NA,NA,NA,0.0111856823266219,0.15,0.800751879699248,0.351304347826087,0.0101302460202605,"1",0.971,0.029
"133","Los Vilos",0.469187675070028,0.348091603053435,0.415307402760351,0.235227272727273,0.329308452250274,0.231335436382755,0.555205047318612,0.581188997338066,0.309766763848397,"1",0.815,0.185
"134","Lota",0.177049180327869,0.251519756838906,0.198571428571429,0.0699860724233983,0.276744186046512,0.366954851104707,0.308014354066986,0.325050563420977,0.384967672413793,"1",0.96,0.04
"135","Lumaco",NA,0.662790697674419,0.384615384615385,0.41044776119403,0.331081081081081,0.354632587859425,0.743323442136498,0.203081232492997,0.174831892411143,"1",0.981,0.019
"136","Machalí",0.531113058720421,0.421862348178138,0.516757599376461,0.373676248108926,NA,NA,0.431599229287091,0.687793427230047,0.453766350924673,"2",0.111,0.889
"137","Macul",0.0579890051427558,0.0898912348048624,0.154533273782939,0.133655839668279,0.390159112180773,0.42818039624609,0.12915491230222,0.298664792691497,0.219052893935198,"1",0.987,0.013
"138","Máfil",NA,NA,NA,NA,0.231441048034935,0.485355648535565,0.778705636743215,0.4824016563147,0.391071428571429,"1",0.603,0.397
"139","Maipú",0.101429101707498,0.0965652433307764,0.068093533399345,0.163678712591756,0.203822885828292,0.0808109981515712,0.25983367048775,0.234625993834172,0.147046501885212,"1",0.998,0.002
"140","Malloa",0.0199335548172757,0.7696,0.0237037037037037,0.0946327683615819,0.138814016172507,0.136191677175284,0.195093457943925,0.0842572062084257,0.0961123110151188,"1",1,0
"141","Marchihue",NA,NA,NA,NA,NA,0.621564482029598,0.482328482328482,0.782258064516129,0.257352941176471,"1",0.593,0.407
"142","María Pinto",NA,NA,NA,NA,0.111111111111111,0.129934210526316,0.197346600331675,0.0444444444444444,0.107458912768647,"1",0.999,0.001
"143","Mariquina",0.428409090909091,0.114316239316239,0.245833333333333,0.142161635832522,0.277413308341143,0.323181049069374,0.481878088962109,0.579613095238095,0.543859649122807,"2",0.146,0.854
"144","Maule",NA,0.170361726954492,0.301176470588235,0.25,0.359111111111111,0.462882096069869,0.33356890459364,0.430625,0.540734109221128,"2",0.462,0.538
"145","Maullín",0.641904761904762,0.0909090909090909,0.181114551083591,0.662015503875969,0.459079283887468,0.30162703379224,0.610849056603774,0.645989304812834,0.339656729900632,"1",0.653,0.347
"146","Mejillones",NA,NA,NA,NA,0.114107883817427,0.27027027027027,0.279106858054226,0.238172920065253,0.226086956521739,"1",0.987,0.013
"147","Melipeuco",NA,NA,NA,NA,NA,NA,NA,NA,0.457207207207207,"1",0.574,0.426
"148","Melipilla",0.069410815173527,0.0291688177594218,0.0673994193280796,0.10188679245283,0.106620808254514,0.113032542053136,0.355154028436019,0.147894658532956,0.313300195812622,"1",0.998,0.002
"149","Molina",0.300991131977047,0.183289817232376,0.437851662404092,0.206649616368286,0.250333481547354,0.571750902527076,0.325188804975566,0.392553622015378,0.433160903893275,"1",0.762,0.238
"150","Monte Patria",0.016304347826087,0.192998204667864,0.178512396694215,0.242664551942902,0.207334273624824,0.30566534914361,0.419029615626969,0.162904209884076,0.144965735371639,"1",0.993,0.007
"151","Mostazal",NA,0.453781512605042,NA,NA,NA,0.500415627597672,0.348412698412698,0.099609375,0.374525745257453,"1",0.889,0.111
"152","Mulchén",0.248813559322034,0.258845437616387,0.296385542168675,0.546952224052718,0.507969151670951,0.479228486646884,0.582082551594747,0.547662694775435,0.383801532287486,"2",0.269,0.731
"153","Nacimiento",0.170356703567036,0.2,0.221873364730508,0.24446583253128,0.475576036866359,0.436012572968119,0.29680170575693,0.360050356693244,0.0957840236686391,"1",0.958,0.042
"154","Nancagua",0.00609756097560976,0.159502262443439,0.117336152219873,0.392749244712991,0.246153846153846,0.333333333333333,0.372413793103448,0.477541371158392,0.363164721141375,"1",0.858,0.142
"155","Natales",0.0775075987841945,0.106990014265335,0.0372836218375499,0.388821385176185,0.410974244120941,0.246808510638298,0.281376518218623,0.411313518696069,0.197183098591549,"1",0.991,0.009
"156","Navidad",NA,NA,NA,NA,NA,NA,NA,NA,NA,"1",0.996,0.004
"157","Negrete",0.527426160337553,0.435992578849722,NA,0.648522550544324,0.565028901734104,0.718875502008032,0.386392811296534,0.483796296296296,0.329203539823009,"2",0.319,0.681
"158","Ninhue",NA,NA,NA,NA,0.66304347826087,0.6,0.428571428571429,0.49288256227758,0.640583554376658,"2",0.009,0.991
"159","Ñiquén",0.415094339622642,0.655714285714286,0.683229813664596,0.739890710382514,0.742857142857143,0.696750902527076,0.633869441816462,0.595829991980754,0.470347648261759,"2",0.017,0.983
"160","Nogales",NA,0.0209471766848816,NA,0.268185801928133,0.366477272727273,0.351375332741792,0.471153846153846,0.414762741652021,0.266222961730449,"1",0.749,0.251
"161","Nueva Imperial",0.123572170301142,0.32078853046595,0.301405975395431,0.33442892358258,0.314716981132075,0.14105123087159,0.208308605341246,0.0817501439263097,0.283858998144712,"1",0.988,0.012
"162","Ñuñoa",0.0163616792249731,0.0823506289308176,0.092353876037436,0.345231455660904,0.33184274268679,0.394151417294582,0.336962643138727,0.327582902050987,0.294687941829933,"1",0.982,0.018
"163","Olivar",NA,0.242990654205607,0.246478873239437,0.135135135135135,0.321688500727802,0.383352872215709,0.504914004914005,0.38849765258216,0.399364406779661,"2",0.409,0.591
"164","Olmué",0.0577223088923557,0.732984293193717,0.00810810810810811,NA,0.501446480231437,0.358439201451906,0.603404255319149,0.339887640449438,0.206084396467125,"1",0.96,0.04
"165","Osorno",0.18641810918775,0.135043150601677,0.240473061760841,0.240143784786642,0.328195449302716,0.357312171493353,0.661800986842105,0.201933701657459,0.469022356953391,"1",0.927,0.073
"166","Ovalle",0.125772558714462,0.251603498542274,0.200802139037433,0.165513951824469,0.28799310196163,0.075751582278481,0.229317046085508,0.216421872235003,0.266356638871071,"1",0.989,0.011
"167","Padre Hurtado",0.513022410660206,0.488427299703264,0.58337314859054,0.56978289765175,0.583014861995754,0.471287940935193,0.424095486758672,0.285310734463277,0.334350627331299,"1",0.908,0.092
"168","Padre Las Casas",NA,0.467020470053071,0.447248510339993,0.262168823166975,0.112220916568743,0.095464725643897,0.223181580324437,0.0931324110671937,0.334346504559271,"1",0.996,0.004
"169","Paillaco",0.257743362831858,0.177598385469223,0.587793427230047,0.147811725846408,0.211009174311927,0.398180545836249,0.681486396814864,0.733207784055242,0.606365159128978,"2",0.048,0.952
"170","Paine",0.0191489361702128,0.0391608391608392,0.132969798657718,0.0201978565539984,0.241306638566913,0.184103047439522,0.246084337349398,0.118806143146914,0.324790307548928,"1",0.971,0.029
"171","Palmilla",NA,0.00718132854578097,0.0177705977382876,0.0183875530410184,0.012311901504788,0.197560975609756,0.352806414662085,0.0260960334029228,0.198028673835125,"1",0.998,0.002
"172","Panguipulli",0.360885608856089,0.356756756756757,0.228015075376884,0.413892078071183,0.244305239179954,0.333844580777096,0.440767386091127,0.483541956420955,0.370593293207223,"1",0.798,0.202
"173","Panquehue",NA,NA,NA,NA,NA,NA,NA,0.0350109409190372,NA,"2",0.457,0.543
"174","Papudo",NA,NA,NA,NA,NA,NA,NA,NA,0.631147540983607,"2",0.283,0.717
"175","Paredones",NA,NA,NA,NA,NA,NA,NA,0.908018867924528,0.219600725952813,"2",0.295,0.705
"176","Parral",0.000658761528326746,0.478335233751425,0.270366598778004,0.463031423290203,0.0785536159600998,0.245011971268955,0.172782874617737,0.134951802927526,0.225352112676056,"1",0.998,0.002
"177","Pedro Aguirre Cerda",0.156436050092383,0.258328680439233,0.32792327554408,0.289545609839426,0.415399547072145,0.346864586488943,0.35000859549596,0.51296111665005,0.379628020163393,"1",0.859,0.141
"178","Pelarco",NA,0.350409836065574,0.412429378531073,NA,0.572504708097928,0.443462897526502,0.525167785234899,0.230867346938776,0.469077069457659,"2",0.47,0.53
"179","Pelluhue",NA,NA,NA,NA,0.579418344519016,0.555555555555556,0.001953125,0.649214659685864,0.426165803108808,"1",0.511,0.489
"180","Pemuco",NA,NA,0.6529284164859,0.965163934426229,0.596491228070175,0.724857685009488,0.64695652173913,0.531847133757962,0.332896461336828,"2",0.128,0.872
"181","Peñaflor",0.280461427541456,0.217936945209672,0.217833632555356,0.097478554717962,0.152029520295203,0.149800266311585,0.0953104646113765,0.0536783575705731,0.42662037037037,"1",0.99,0.01
"182","Peñalolén",0.302375537022997,0.324495229642778,0.429046332848535,0.553676183026985,0.498038857976831,0.414532243415077,0.482804000701878,0.580961974313775,0.538461538461538,"2",0.455,0.545
"183","Pencahue",NA,0.0827886710239651,0.583984375,0.654275092936803,0.605128205128205,0.605304212168487,0.661585365853659,0.768802228412256,0.682735426008969,"2",0.007,0.993
"184","Penco",0.371597096188748,0.3123973727422,0.349587396849212,0.562564278368186,0.267903645833333,0.314459665144597,0.228492136910268,0.472780203784571,0.451693851944793,"1",0.729,0.271
"185","Peralillo",0.0365384615384615,0.706375838926175,0.791540785498489,NA,0.39348710990502,0.486624203821656,0.094047619047619,NA,NA,"1",0.987,0.013
"186","Perquenco",NA,NA,NA,NA,NA,NA,NA,NA,0.57719298245614,"2",0.079,0.921
"187","Petorca",NA,0.00697674418604651,0.48804780876494,0.162735849056604,0.53639846743295,0.532258064516129,0.62748643761302,0.750841750841751,0.642768850432633,"2",0.005,0.995
"188","Peumo",0.740103270223752,0.678461538461538,0.781954887218045,0.554012345679012,0.418103448275862,0.0403120936280884,0.49813200498132,0.541984732824427,0.436982520699172,"1",0.834,0.166
"189","Pichidegua",0.609879032258065,0.353456669912366,0.716587677725118,0.378221113881962,0.506191950464396,0.587725631768953,0.485910652920962,0.423828125,0.396377197655834,"1",0.905,0.095
"190","Pichilemu",0.615925058548009,0.554323725055432,0.384444444444444,0.185714285714286,0.26063829787234,0.5254730713246,0.469849246231156,0.476135040745052,0.501506024096386,"1",0.51,0.49
"191","Pinto",0.503759398496241,0.730318257956449,0.622058823529412,0.75,0.676359039190898,0.671005917159763,0.673033707865169,0.730883813306852,0.686241610738255,"2",0.002,0.998
"192","Pirque",0.346153846153846,0.416558861578266,0.380410022779043,0.491967871485944,0.520814880425155,0.462157809983897,0.776972624798712,0.282753515914138,0.448756822316556,"2",0.17,0.83
"193","Pitrufquén",NA,NA,0.514018691588785,NA,NA,0.057037037037037,0.138233310856372,0.175328741390106,0.0917060013486177,"1",0.999,0.001
"194","Placilla",NA,NA,NA,0.392324093816631,0.0427698574338086,0.56120527306968,0.490693739424704,0.0445544554455446,0.451406649616368,"2",0.403,0.597
"195","Portezuelo",NA,NA,NA,NA,0.574736842105263,0.448347107438017,0.769825918762089,0.862068965517241,0.910863509749304,"2",0,1
"196","Porvenir",NA,NA,NA,NA,NA,NA,NA,NA,0.0913140311804009,"1",0.963,0.037
"197","Pozo Almonte",NA,NA,0.185873605947955,0.326959847036329,0.169811320754717,0.0616113744075829,0.0247678018575851,0.0103092783505155,0.234234234234234,"1",1,0
"198","Providencia",0.33093881595244,0.518650088809947,0.420708634330925,0.255172413793103,0.296397214653345,0.372784448256146,0.242707760044029,0.182011546642358,0.191534073851696,"1",0.995,0.005
"199","Puchuncaví",NA,0.301458670988655,0.15530303030303,0.109571788413098,0.0278833967046895,0.00207253886010363,0.420253164556962,0.00217864923747277,0.549351944167498,"1",0.992,0.008
"200","Pucón",0.00154798761609907,NA,0.0273381294964029,0.163341645885287,0.022289766970618,0.0223735408560311,0.142463235294118,0.101278269419862,0.0666666666666667,"1",0.999,0.001
"201","Pudahuel",0.0992789080607777,0.162032816773017,0.213357477631018,0.337557603686636,0.351394003156234,0.492424242424242,0.665198998532332,0.534321996270314,0.483002043470184,"2",0.438,0.562
"202","Puente Alto",0.20025641025641,0.149043198672406,0.368599257884972,0.926539491298527,0.180310326377742,0.359116022099448,0.251184834123223,0.378054021886468,0.239332460732984,"1",0.984,0.016
"203","Puerto Montt",0.267544563995503,0.158954584404456,0.0977661334804192,0.441699867197875,0.485176470588235,0.561435179961638,0.58622519367505,0.507692307692308,0.36644591611479,"1",0.836,0.164
"204","Puerto Octay",NA,NA,0.413636363636364,0.309623430962343,0.421471172962227,0.313688212927757,0.285470085470085,0.504491017964072,0.643176733780761,"2",0.125,0.875
"205","Puerto Varas",0.373588184187663,0.2536,NA,0.778343023255814,0.477638640429338,0.0361238532110092,0.557151780137414,0.0676883780332056,0.525035765379113,"1",0.663,0.337
"206","Punitaqui",NA,NA,0.357833655705996,0.38768115942029,0.359663865546218,0.507739938080495,0.387942332896461,0.264429530201342,0.605927552140505,"2",0.428,0.572
"207","Punta Arenas",0.329188481675393,0.242453939631517,0.215890410958904,0.496950186377499,0.40373771548252,0.405161881490531,0.440832620473339,0.429936305732484,0.325799471026689,"1",0.954,0.046
"208","Purén",0.274725274725275,0.297665369649805,0.0834845735027223,0.112903225806452,0.103146853146853,0.226851851851852,0.801788375558867,0.490013315579228,0.145811789038263,"1",0.993,0.007
"209","Purranque",0.0991983967935872,0.0257142857142857,0.498545101842871,0.549376797698945,0.513590844062947,0.350631136044881,0.42449773169151,0.561007957559682,0.674168797953964,"2",0.013,0.987
"210","Putaendo",0.351351351351351,0.218421052631579,0.497542997542998,0.621076233183857,0.653403141361257,0.150353178607467,0.222222222222222,0.704500978473581,0.645106382978723,"1",0.762,0.238
"211","Puyehue",0.514177693761815,0.443708609271523,0.388978930307942,0.590027700831025,0.624853458382181,0.665919282511211,0.611630321910696,0.742718446601942,0.869924812030075,"2",0.001,0.999
"212","Queilén",NA,NA,NA,NA,NA,NA,NA,NA,0.367117117117117,"1",0.928,0.072
"213","Quellón",0.649446494464945,0.643312101910828,0.638680659670165,0.717482517482517,0.684340320591862,0.480492813141684,0.703874538745387,0.666949152542373,0.781002638522427,"2",0.116,0.884
"214","Quemchi",NA,NA,NA,NA,NA,NA,NA,NA,0.25968992248062,"1",0.995,0.005
"215","Quilicura",0.111792105908311,0.119244135534318,0.147218316931111,0.176407314449624,0.211075029909417,0.246146586977037,0.41751587653227,0.259822039698836,0.180660033972337,"1",0.996,0.004
"216","Quilleco",NA,NA,NA,0.812133072407045,0.649557522123894,0.567610062893082,0.739197530864197,0.733834586466165,0.798110979929162,"2",0.002,0.998
"217","Quillón",0.224154589371981,0.171818181818182,0.5439453125,0.757602085143354,0.392006802721088,0.689519306540583,0.515718562874252,0.7296918767507,0.479402677651905,"2",0.026,0.974
"218","Quillota",0.208461276015012,0.692632850241546,0.688172043010753,0.67638560546362,0.592263334935127,0.552085707772966,0.559051814558422,0.783895796329189,0.618904274533414,"2",0.001,0.999
"219","Quilpué",0.00993949870354365,0.020997375328084,0.142525035765379,0.0652435875365812,0.178883658372562,0.272430668841762,0.323349537400031,0.359486873508353,0.469099627064465,"1",0.907,0.093
"220","Quinchao",NA,NA,NA,NA,NA,NA,NA,NA,0.267489711934156,"1",0.962,0.038
"221","Quinta de Tilcoco",0.340764331210191,0.523308270676692,0.384949348769899,0.421542553191489,0.404052443384982,0.289887640449438,0.154913294797688,0.398609501738123,0.00432525951557093,"1",0.998,0.002
"222","Quinta Normal",0.078531796841656,0.033269129749606,0.0438342967244701,0.0752120339254281,0.136483755635007,0.231148804934464,0.268263292664558,0.274529814841814,0.28573549057444,"1",0.992,0.008
"223","Quintero",NA,NA,0.124575311438279,0.0637450199203187,0.153439153439153,0.535236396074933,0.0698299015219337,0.062888198757764,0.261418853255588,"1",0.996,0.004
"224","Quirihue",0.5489443378119,0.723327305605787,0.750889679715303,0.787456445993031,0.943238731218698,0.6875,0.653585926928281,0.81555834378921,0.401466544454629,"2",0.029,0.971
"225","Rancagua",0.265245354930919,0.458857588241844,0.540890776434716,0.330200371824003,0.378527116269762,0.68204252088079,0.680904522613065,0.405955969672056,0.543318981796208,"2",0.148,0.852
"226","Ránquil",NA,NA,NA,NA,0.712669683257919,0.447368421052632,0.567877629063097,0.603696098562628,0.29616724738676,"2",0.294,0.706
"227","Rauco",NA,NA,0.515657620041754,0.643129770992366,0.689716312056738,0.744113029827316,0.70697012802276,0.782994923857868,0.281833616298812,"2",0.015,0.985
"228","Recoleta",0.165238480194018,0.136648680180837,0.137510879025239,0.180732926152138,0.213501423342822,0.329663127539651,0.280575539568345,0.300256514108276,0.37571659561958,"1",0.945,0.055
"229","Renaico",0.490769230769231,0.418290854572714,0.293865905848787,NA,NA,0.173346693386774,0.70736629667003,0.388489208633094,0.267806267806268,"1",0.987,0.013
"230","Renca",0.0602669807616804,0.0253652271632686,0.0885265884504038,0.0518593840790238,0.011869850579528,0.12444733420026,0.331966012305889,0.342000295464618,0.225727807256561,"1",0.992,0.008
"231","Rengo",0.696781479390175,0.585651537335286,0.428192664604507,0.338997821350763,0.00165220983064849,0.000379362670713202,0.0735189150606709,0.0610759493670886,0.307220039292731,"1",1,0
"232","Requínoa",0.0767018216682646,0.27141568981064,0.00820344544708778,0.209083790133125,0.201050262565641,0.148936170212766,0.124735729386892,0.225746268656716,0.162041625371655,"1",1,0
"233","Retiro",0.0812294182217344,0.652985074626866,0.571428571428571,0.609579100145138,0.595104895104895,0.565160445317616,0.590428837787446,0.531341534856473,0.668145956607495,"2",0.008,0.992
"234","Rinconada",NA,NA,NA,NA,NA,0.108156028368794,0.1664,0.134275618374558,0.350721420643729,"1",0.984,0.016
"235","Río Bueno",0.0418118466898955,0.163659793814433,0.159698025551684,0.122198505869797,0.293550025393601,0.277281746031746,0.446096654275093,0.455492424242424,0.34010152284264,"1",0.941,0.059
"236","Río Claro",0.120817843866171,0.198594024604569,0.653061224489796,0.491689750692521,0.127247579529737,0.15521327014218,0.207236842105263,0.0747126436781609,0.307436182019978,"1",0.999,0.001
"237","Río Negro",0.352727272727273,0.301634472511144,0.199714693295292,0.625954198473282,0.600487210718636,0.444444444444444,0.320754716981132,0.583795782463929,0.851239669421488,"2",0.008,0.992
"238","Romeral",NA,NA,0.32,0.659411011523688,0.340400471142521,NA,0.48696682464455,0.292763157894737,0.160697887970615,"1",0.989,0.011
"239","Saavedra",NA,0.197396963123644,0.478095238095238,0.0689655172413793,0.69195751138088,0.31636863823934,0.0260416666666667,0.167948717948718,0.483613817537644,"1",0.879,0.121
"240","Sagrada Familia",0.74616292798111,0.676612127045236,0.411198600174978,0.683257918552036,0.601769911504425,0.574105621805792,0.631004366812227,0.505509641873278,0.496120020693223,"2",0.128,0.872
"241","Salamanca",0.480452674897119,0.467819404418828,0.770676691729323,0.601398601398601,0.608979591836735,0.621434078643022,0.649962602842184,0.77717019822283,0.711676812396237,"2",0.002,0.998
"242","San Antonio",0.0500733291430966,0.124206349206349,0.211386918833727,0.329221137911987,0.299020450249184,0.361473649430035,0.355688811740571,0.370416024653313,0.355027893005293,"1",0.938,0.062
"243","San Bernardo",0.16261921148363,0.228067387158296,0.375238458603586,0.493724921027918,0.60438197602315,0.848188976377953,0.594733745219182,0.690734228091581,0.563188641573615,"2",0.034,0.966
"244","San Carlos",0.345217391304348,0.349010824934677,0.360928299272601,0.342754058929645,0.324034334763948,0.481079650701244,0.382039196229223,0.440429910816373,0.654525977504017,"1",0.636,0.364
"245","San Clemente",0.569452796151533,0.594298245614035,0.569044006069803,0.428244972577697,0.561904761904762,0.56629392971246,0.599188790560472,0.540284360189573,0.504017733444167,"2",0.056,0.944
"246","San Esteban",0.913223140495868,0.0222602739726027,0.512781954887218,0.0474254742547425,0.861728395061728,0.563758389261745,0.202191235059761,0.397626112759644,0.101346001583531,"1",0.972,0.028
"247","San Fabián",NA,NA,NA,NA,NA,NA,NA,NA,0.659142212189616,"2",0.207,0.793
"248","San Felipe",0.114296351451973,0.221536351165981,0.321106621075536,0.262331220721962,0.278176229508197,0.325888324873096,0.343144468972284,0.364016736401674,0.537759336099585,"1",0.73,0.27
"249","San Fernando",0.0239093959731544,0.0238576627577841,0.202307692307692,0.29075691411936,0.121727748691099,0.0431904161412358,0.0133293838862559,0.40270346381301,0.289417309340188,"1",0.995,0.005
"250","San Ignacio",0.312917594654788,0.532275132275132,0.482228626320845,0.520246478873239,0.296206618240517,0.2298937784522,0.153185397279885,0.277327935222672,0.512806236080178,"1",0.758,0.242
"251","San Javier",0.279187817258883,0.183957732949087,0.234851835471031,0.109035621198957,0.266161213088587,0.367302052785924,0.397148676171079,0.333882663150956,0.272983643542019,"1",0.977,0.023
"252","San Joaquín",0.358783364369957,0.523235800344234,0.643642397842771,0.579701248209536,0.494743481917578,0.41530156366344,0.451219512195122,0.375528169014085,0.298668464520479,"1",0.887,0.113
"253","San José de Maipo",0.206088992974239,0.346007604562738,0.345486111111111,0.280876494023904,0.493548387096774,0.587904360056259,0.353675450762829,0.299847792998478,0.0991217063989962,"1",0.981,0.019
"254","San Juan de la Costa",NA,NA,0.611001964636542,0.366359447004608,0.350840336134454,0.35408560311284,0.315985130111524,0.726968174204355,0.672963400236128,"2",0.066,0.934
"255","San Miguel",0.11813408723748,0.371243042671614,0.304895608351332,0.345909668057319,0.201795212765957,0.45792,0.307188498402556,0.203480169305534,0.361607142857143,"1",0.903,0.097
"256","San Nicolás",0.80338266384778,0.657534246575342,0.776290630975143,0.815275310834814,0.7508038585209,0.695086705202312,0.577608142493639,0.656215005599104,0.148690292758089,"2",0.438,0.562
"257","San Pablo",0.00806451612903226,0.162055335968379,0.025830258302583,0.298412698412698,0.23342939481268,0.0881578947368421,0.290886392009988,0.585564610011641,0.724802804557406,"2",0.171,0.829
"258","San Pedro",NA,NA,NA,NA,NA,NA,NA,0.12472647702407,0.077079107505071,"1",0.994,0.006
"259","San Pedro de la Paz",0.230680507497116,0.322364901016586,0.322854934295285,0.356938483547926,0.422972360670594,0.385702580909463,0.404625420043487,0.240406320541761,0.205365949891497,"1",0.993,0.007
"260","San Rafael",NA,NA,0.193482688391039,0.316793893129771,0.210247349823322,0.558058925476603,0.901477832512315,0.0807453416149068,NA,"1",0.908,0.092
"261","San Ramón",0.270499108734403,0.389925373134328,0.397398314400879,0.329684908789386,0.362063389391979,0.494263340010927,0.475729832440836,0.457076948426429,0.321700389827362,"1",0.82,0.18
"262","San Rosendo",NA,NA,NA,NA,NA,NA,0.390291262135922,NA,0.516898608349901,"1",0.856,0.144
"263","San Vicente",0.385549872122762,0.544516129032258,0.836305732484076,0.14934725848564,0.378059836808704,0.536359983929289,0.642910447761194,0.823422108719445,0.336738168198842,"2",0.374,0.626
"264","Santa Bárbara",0.730210016155089,0.445801526717557,0.608811748998665,0.206935123042506,0.643715846994536,0.670146137787056,0.646766169154229,0.565094339622642,0.439880507841673,"2",0.096,0.904
"265","Santa Cruz",0.105857066093498,0.252267573696145,0.243169398907104,0.227955911823647,0.269523809523809,0.134394341290893,0.0661625708884688,0.402351156617368,0.913553113553114,"2",0.003,0.997
"266","Santa Juana",0.448840381991814,0.430025445292621,0.427725118483412,0.479955456570156,0.562634989200864,0.657676348547718,0.498550724637681,0.49867374005305,0.39917695473251,"2",0.339,0.661
"267","Santa María",0.409181636726547,0.387272727272727,0.282051282051282,0.381954887218045,0.195890410958904,0.22477650063857,0.269607843137255,0.317307692307692,0.709437963944857,"1",0.905,0.095
"268","Santiago",0.0429528934201831,0.0712702774576722,0.19272563987427,0.361564719992619,0.104193800468872,0.281748375664501,0.171209540034072,0.123190816835801,0.12150787965616,"1",0.999,0.001
"269","Santo Domingo",NA,NA,NA,0.0304449648711944,0.328125,0.302277432712215,0.346080305927342,0.12829525483304,0.570322580645161,"1",0.958,0.042
"270","Talagante",0.0433660299432111,0.00919963201471941,0,0.0147420147420147,0.0469644902634593,0.465709156193896,0.591118421052632,0.204513792142658,0.27490297542044,"1",0.984,0.016
"271","Talca",0.0307826520438684,0.204016703121893,0.170722814693282,0.203847728203029,0.13961113229127,0.191768362010157,0.373741007194245,0.369502936542043,0.186385938761568,"1",0.993,0.007
"272","Talcahuano",0.0847207897451009,0.072475460535162,0.21752820781947,0.183946092918785,0.240796881766999,0.208045120783229,0.202365863962822,0.216108615761535,0.197260594708499,"1",0.999,0.001
"273","Taltal",NA,0.512643678160919,0.21830985915493,0.368181818181818,0.00213219616204691,0.431067961165049,0.193262411347518,0.176068376068376,0.190735694822888,"1",0.998,0.002
"274","Temuco",0.035283608753908,0.0714063310845874,0.102005730659026,0.133435444634652,0.259538818845388,0.21956418758882,0.290081626366857,0.288298206983328,0.131157720436043,"1",0.995,0.005
"275","Teno",0.163753449862006,0.154106689246401,0.360232945091514,0.279355333844973,0.207042253521127,0.181933842239186,0.544906570223026,0.378502001143511,0.253038194444444,"1",0.956,0.044
"276","Teodoro Schmidt",0.214035087719298,0.0636515912897822,NA,0.369924812030075,0.201037613488975,0.135654261704682,0.144768856447689,0.102564102564103,0.501395348837209,"1",0.998,0.002
"277","Tierra Amarilla",NA,0.318840579710145,0.230671736375158,0.385630498533724,0.856338028169014,0.160398230088496,0.323563892145369,0.428571428571429,0.0038659793814433,"1",0.995,0.005
"278","Tiltil",NA,0.183870967741935,0.283842794759825,0.368217054263566,0.353643966547192,0.279545454545455,0.062363238512035,0.616666666666667,0.306603773584906,"1",0.882,0.118
"279","Tirúa",0.15,0.135198135198135,0.0508083140877598,0.320879120879121,0.268537074148297,0.435028248587571,0.0805860805860806,0.307155322862129,NA,"1",0.992,0.008
"280","Tocopilla",NA,NA,0.243166823751178,0.129744042365402,0.291324200913242,0.58479020979021,0.507197290431837,0.419278996865204,0.58433014354067,"2",0.275,0.725
"281","Toltén",NA,NA,0.687793427230047,0.396378269617706,0.588785046728972,0.304492512479201,0.130708661417323,0.371387283236994,0.639705882352941,"1",0.801,0.199
"282","Tomé",0.147141143542583,0.37611132586007,0.223786066150598,0.181540549711571,0.149822695035461,0.218982445700684,0.286315199102636,0.276496430532674,0.141602881584872,"1",0.998,0.002
"283","Traiguén",0.0652173913043478,0.274973147153598,NA,0.357729648991785,0.379692307692308,0.654761904761905,0.802568218298555,0.281124497991968,0.225165562913907,"1",0.821,0.179
"284","Treguaco",NA,NA,NA,NA,0.945701357466063,0.829831932773109,0.8,0.553145336225597,0.493710691823899,"2",0.008,0.992
"285","Tucapel",0.489304812834225,0.220973782771536,0.537240537240537,0.436602870813397,0.540571428571429,0.663782447466007,0.489795918367347,0.604184829991282,0.343313373253493,"2",0.015,0.985
"286","Valdivia",0.330898075552388,0.291741914299787,0.412402849740933,0.358433253397282,0.360236491131583,0.460467630760914,0.40678818353237,0.289918597370069,0.370264660093409,"1",0.911,0.089
"287","Vallenar",0.00198117880138683,0.0304347826086957,0.118119726797911,0.0334615384615385,0.235239852398524,0.0426300578034682,0.0677430677430677,0.265574937700249,0.0296961325966851,"1",1,0
"288","Valparaíso",0.0642626321974148,0.149911316069528,0.144102106635559,0.0978065674704977,0.199412772204551,0.0956828193832599,0.178451178451178,0.137018841440371,0.28257328990228,"1",0.999,0.001
"289","Vichuquén",NA,NA,NA,NA,NA,NA,NA,NA,0.327058823529412,"1",0.981,0.019
"290","Victoria",0.50082281952825,0.421291624621594,0.456104532462229,0.438071065989848,0.454545454545455,0.284539473684211,0.185007974481659,0.526885880077369,0.627559875043388,"1",0.715,0.285
"291","Vicuña",0.27134724857685,0.771555555555556,0.261146496815287,0.246644295302013,0.424703891708968,0.0901287553648069,0.509193776520509,0.464190981432361,0.641187618445989,"2",0.072,0.928
"292","Vilcún",NA,0.124653739612188,0.165596919127086,NA,0.181328545780969,0.00400641025641026,0.000714796283059328,0.0204359673024523,0.223790322580645,"1",1,0
"293","Villa Alegre",0.20109439124487,0.160264900662252,0.135200974421437,0.00109769484083425,0.0692007797270955,0.574090505767524,0.565614617940199,0.0928764652840397,0.248939179632249,"1",0.996,0.004
"294","Villa Alemana",0.140777983593543,NA,NA,0.16156462585034,0.463768115942029,0.304283914321714,0.417835671342685,0.457068837897853,0.613721413721414,"2",0.11,0.89
"295","Villarrica",0.451496388028896,0.24063464081093,0.382969237628177,0.438748913987837,0.42583918813427,0.414779056813962,0.480796586059744,0.270687237026648,0.281425891181989,"1",0.957,0.043
"296","Viña del Mar",0.00540540540540541,0.00294849350410025,0.00245614035087719,0.000828912466843501,0.018824094841397,0.00626658802713064,0.125036033439031,0.266827949338267,0.456967696298043,"1",0.99,0.01
"297","Vitacura",0.310280373831776,0.105172413793103,0.621259029927761,0.529634300126103,0.546034639927074,0.276558384547849,0.4860853432282,0.456108597285068,0.387862796833773,"1",0.823,0.177
"298","Yerbas Buenas",0.396306818181818,0.229974160206718,NA,0.597030752916225,0.696266397578204,0.725274725274725,0.68848167539267,0.633169360505973,0.409983174425126,"1",0.714,0.286
"299","Yumbel",0.527452745274527,0.58955223880597,0.512630014858841,0.562784645413142,0.612882653061224,0.598224852071006,0.521334792122538,0.561526870919136,0.218448829738412,"1",0.912,0.088
"300","Yungay",0.560240963855422,0.66839378238342,0.431261770244821,0.615794143744454,0.663551401869159,0.397830018083183,0.48690728945506,0.625598904859685,0.206245933636955,"1",0.686,0.314
"301","Zapallar",NA,NA,NA,NA,NA,NA,0.751648351648352,0.76355748373102,0.718965517241379,"2",0.025,0.975
